-- phpMyAdmin SQL Dump
-- version 4.5.4.1deb2ubuntu2.1
-- http://www.phpmyadmin.net
--
-- 主機: localhost
-- 產生時間： 2019 年 03 月 22 日 10:04
-- 伺服器版本: 5.7.25-0ubuntu0.16.04.2
-- PHP 版本： 7.0.33-0ubuntu0.16.04.2

SET SQL_MODE = "NO_AUTO_VALUE_ON_ZERO";
SET time_zone = "+00:00";


/*!40101 SET @OLD_CHARACTER_SET_CLIENT=@@CHARACTER_SET_CLIENT */;
/*!40101 SET @OLD_CHARACTER_SET_RESULTS=@@CHARACTER_SET_RESULTS */;
/*!40101 SET @OLD_COLLATION_CONNECTION=@@COLLATION_CONNECTION */;
/*!40101 SET NAMES utf8mb4 */;

--
-- 資料庫： `mfg_world`
--

-- --------------------------------------------------------

--
-- 資料表結構 `certificationitem`
--

CREATE TABLE `certificationitem` (
  `id` int(11) NOT NULL,
  `area` varchar(10) COLLATE utf8_bin DEFAULT NULL,
  `knowledge` varchar(20) COLLATE utf8_bin DEFAULT NULL,
  `technical` varchar(20) COLLATE utf8_bin DEFAULT NULL,
  `training` varchar(30) COLLATE utf8_bin DEFAULT NULL,
  `training_only` tinyint(4) DEFAULT NULL
) ENGINE=InnoDB DEFAULT CHARSET=utf8 COLLATE=utf8_bin;

--
-- 資料表的匯出資料 `certificationitem`
--

INSERT INTO `certificationitem` (`id`, `area`, `knowledge`, `technical`, `training`, `training_only`) VALUES
(1, 'CVD', '鐘罩鎖固及鬆脫作業板手人員', '鐘罩鎖固及鬆脫作業板手人員', '鐘罩鎖固及鬆脫作業板手人員訓練', 0),
(2, 'CVD', '鐘罩鎖固及鬆脫作業控制器人員', '鐘罩鎖固及鬆脫作業控制器人員', '鐘罩鎖固及鬆脫作業控制器人員訓練', 0),
(5, 'CVD', '天車吊掛作業控制手', '天車吊掛作業控制手', NULL, 0),
(6, 'CVD', '碳腳、石英環、晶種及晶橋安裝作業', '碳腳、石英環、晶種及晶橋安裝作業', ' 碳腳、石英環、晶種及晶橋安裝作業訓練', 0),
(7, 'CVD', 'HCW管路安裝及拆卸作業', 'HCW管路安裝及拆卸作業', 'HCW管路安裝及拆卸作業', 0),
(8, 'CVD', NULL, NULL, '緩衝墊、帆布鋪設及撤收作業', 1),
(9, 'CVD', NULL, NULL, '天車吊掛作業牽引手', 1);

-- --------------------------------------------------------

--
-- 資料表結構 `class_info`
--

CREATE TABLE `class_info` (
  `id` int(11) NOT NULL,
  `level` varchar(1) COLLATE utf8_bin DEFAULT NULL,
  `grade` varchar(1) COLLATE utf8_bin DEFAULT NULL COMMENT '適用職等',
  `class_name` varchar(20) COLLATE utf8_bin DEFAULT NULL COMMENT '課程名稱'
) ENGINE=InnoDB DEFAULT CHARSET=utf8 COLLATE=utf8_bin;

--
-- 資料表的匯出資料 `class_info`
--

INSERT INTO `class_info` (`id`, `level`, `grade`, `class_name`) VALUES
(5, '1', '1', '結晶矽作業區介紹'),
(7, '1', '1', '結晶矽作業區安全須知'),
(8, '1', '1', '製造組人員規範'),
(9, '1', '1', '製造組直接人員標準作業規範'),
(10, '2', '3', '基層主管教育訓練'),
(11, '3', '4', '管制圖'),
(12, '3', '4', '生產排程簡介'),
(13, '3', '4', '製造組異常事件處理流程'),
(14, '3', '4', '品管圈'),
(15, '3', '4', '生產管理報表設計與規劃');

-- --------------------------------------------------------

--
-- 資料表結構 `human_info`
--

CREATE TABLE `human_info` (
  `id` int(11) NOT NULL,
  `work_num` varchar(5) COLLATE utf8_bin DEFAULT NULL COMMENT '工號',
  `account` varchar(15) COLLATE utf8_bin DEFAULT NULL COMMENT '帳號',
  `password` varchar(128) COLLATE utf8_bin DEFAULT NULL COMMENT '密碼加密',
  `name` varchar(6) COLLATE utf8_bin DEFAULT NULL COMMENT '姓名',
  `sex` varchar(1) COLLATE utf8_bin DEFAULT NULL COMMENT '性別',
  `duty_date` date DEFAULT NULL COMMENT '到職日',
  `resignation_date` date DEFAULT NULL COMMENT '離職日',
  `grade` int(11) DEFAULT NULL COMMENT '職等',
  `class` varchar(2) COLLATE utf8_bin DEFAULT NULL COMMENT '班別',
  `area` varchar(10) COLLATE utf8_bin DEFAULT NULL COMMENT '區域',
  `email` varchar(45) COLLATE utf8_bin DEFAULT NULL,
  `permission` varchar(5) COLLATE utf8_bin DEFAULT 'R',
  `birthday` date DEFAULT NULL COMMENT '生日',
  `tel` varchar(45) COLLATE utf8_bin DEFAULT NULL COMMENT '電話',
  `contact_persion` varchar(45) COLLATE utf8_bin DEFAULT NULL COMMENT '連絡人',
  `contact_persion_tel` varchar(45) COLLATE utf8_bin DEFAULT NULL COMMENT '聯絡人電話',
  `address` varchar(45) COLLATE utf8_bin DEFAULT NULL COMMENT '居住地',
  `dormitory` varchar(4) COLLATE utf8_bin DEFAULT NULL COMMENT '宿舍'
) ENGINE=InnoDB DEFAULT CHARSET=utf8 COLLATE=utf8_bin COMMENT='人員基本資料';

--
-- 資料表的匯出資料 `human_info`
--

INSERT INTO `human_info` (`id`, `work_num`, `account`, `password`, `name`, `sex`, `duty_date`, `resignation_date`, `grade`, `class`, `area`, `email`, `permission`, `birthday`, `tel`, `contact_persion`, `contact_persion_tel`, `address`, `dormitory`) VALUES
(1, '0', 'admin', 'admin', '系統管理員', NULL, NULL, NULL, 0, '常日', 'ALL', NULL, 'A', NULL, NULL, NULL, NULL, '台中市南屯區', NULL),
(2, '211', '211', '0502', '王東為', '男', '2012-05-02', NULL, 2, 'DB', 'CVD', '', 'A', '1974-05-26', '0933-441648', '呂曉菁', '0963-453-030', '彰化縣鹿港鎮', '無'),
(3, '220', '220', '0516', '游孟蓁', '女', '2012-05-16', NULL, 2, 'NA', 'CVD', '', 'A', '1981-11-16', '0911-141538', '王泳富', '0980-562-865', '彰化縣彰化市', '無'),
(4, '222', '222', '0516', '張文信', '男', '2012-05-16', NULL, 1, 'NB', 'CVD', '', 'A', '1978-01-15', '0928-887905', '張婷芳', '0912-020-704', '彰化縣彰化市', '無'),
(5, '402', '402', '1206', '陳士民', '男', '2017-12-06', NULL, 2, 'DA', 'CVD', '', 'A', '1984-10-10', '0980-292782', '陳品志', '057-812-690', '彰化縣彰化市', '無'),
(6, '408', '408', '408', '陳昱璋', '男', '2018-01-03', NULL, 2, 'NA', 'ALL', '', 'B', '1984-04-27', '0966-508981', '謝美儀', '0981-984-978', '彰化縣秀水鄉', '無'),
(7, '427', '', 'p@ssw0rd', '黃瑋筑', '男', '2018-02-22', NULL, 1, 'DB', 'CVD', '', 'R', '1995-05-21', '0958-052183', '黃燕輝', '0923-158-628', '彰化縣和美鎮', '無'),
(8, '428', '', 'p@ssw0rd', '林銘彥', '男', '2018-02-22', NULL, 1, 'DA', 'CVD', '', 'R', '1982-07-22', '0917-970713', '王盈婷', '0983-186-623', '彰化縣福興鄉', '無'),
(9, '433', '', 'p@ssw0rd', '姚宗佑', '男', '2018-03-07', NULL, 1, 'NA', 'CVD', '', 'R', '1982-12-09', '0982-882735', '李玉珠', '0955-506-262', '彰化縣和美鎮', '無'),
(10, '434', '', 'p@ssw0rd', '周宥霆', '男', '2018-03-07', NULL, 1, 'DB', 'CVD', '', 'R', '1972-12-29', '0987-308811', '周明賢', '0937-552-736', '彰化縣伸港鄉', '無'),
(11, '442', '', 'p@ssw0rd', '陳政宏', '男', '2018-03-21', NULL, 2, 'NB', 'CVD', '', 'R', '1972-06-01', '0968-526899', '吳巧莉', '0921-343-543', '彰化縣鹿港鎮', '無'),
(12, '443', '443', '443', '陳珮瑜', '女', '2018-03-21', NULL, 2, 'NA', 'ALL', '', 'B', '1982-07-26', '0915-602087', '王志揚', '0937-789-391', '台中市梧棲區', '無'),
(13, '444', '444', '1005', '李佳玲', '女', '2018-03-21', NULL, 1, 'NA', 'PH', '', 'B', '1980-10-05', '0905-631629', '洪夙彩', '0935-941-776', '彰化縣鹿港鎮', '無'),
(14, '454', '', 'p@ssw0rd', '張芫銘', '男', '2018-04-10', NULL, 1, 'DB', 'CVD', '', 'R', '1983-04-02', '0988-183336', '許淑美', '0937-190-506', '彰化縣鹿港鎮', '無'),
(15, '455', '', 'p@ssw0rd', '劉佳蓉', '女', '2018-04-10', NULL, 1, 'NA', 'ALL', '', 'R', '1979-01-08', '0935-157515', '解舒仲', '0906-685-250', '彰化縣彰化市', '無'),
(16, '456', '', 'p@ssw0rd', '蘇宏吉', '男', '2018-04-10', NULL, 1, 'DA', 'CVD', '', 'R', '1981-12-22', '0927-720722', '陳碧蘭', '047-840-150', '彰化縣鹿港鎮', '無'),
(17, '458', '458', '0311', '張富農', '男', '2018-04-10', '2019-03-04', 2, 'DA', 'PH', '', 'B', '1981-03-11', '0955-203040', '周倩如', '008-731-005', '彰化縣社頭鄉', '無'),
(18, '459', '459', '0104', '蔡珈昇', '男', '2018-04-10', NULL, 2, 'NA', 'ALL', '', 'B', '1987-01-04', '0931-443312', '謝麗雲', '0931-622-382', '彰化縣福興鄉', '無'),
(19, '460', '', 'p@ssw0rd', '劉錫賢', '男', '2018-04-10', NULL, 1, 'DA', 'CVD', '', 'R', '1988-03-21', '0917-981663', '劉秋玫', '0919-254-062', '彰化縣社頭鄉', '無'),
(20, '474', '', 'p@ssw0rd', '蔡江朋', '男', '2018-04-18', NULL, 1, 'NA', 'CVD', '', 'R', '1981-05-31', '0931-860364', '陳?緞', '0931-860-364', '彰化縣彰化市', '無'),
(21, '475', '', 'p@ssw0rd', '周明鋒', '男', '2018-04-18', NULL, 1, 'DB', 'CVD', '', 'R', '1991-08-22', '0977-787837', '周正雄', '0910-534-921', '彰化縣埔鹽鄉', '無'),
(22, '476', '476', '1219', '董怡菁', '女', '2018-04-18', NULL, 1, 'NA', 'PH', '', 'B', '1985-12-19', '0911-085186', '董枰和', '047-787-541', '彰化縣鹿港鎮', '無'),
(23, '477', '', 'p@ssw0rd', '李家豪', '男', '2018-04-18', NULL, 1, 'NA', 'CVD', '', 'R', '1985-08-10', '0981-011304', '謝淑月', '0989-729-809', '台中市西屯區', '無'),
(24, '478', '', 'p@ssw0rd', '洪偉陽', '男', '2018-04-18', NULL, 1, 'NB', 'CVD', '', 'R', '1986-05-20', '0934-064076', '洪順文', '0932-604-705', '彰化縣伸港鄉', '無'),
(25, '479', '', 'p@ssw0rd', '黃任均', '男', '2018-04-18', NULL, 1, 'NA', 'CVD', '', 'R', '1982-06-07', '0909-325235', '周怡君', '0963-146-640', '彰化縣花壇鄉', '無'),
(26, '480', '480', '1217', '林金宏', '男', '2018-04-18', NULL, 1, 'DB', 'PH', '', '', '1979-12-17', '0939-555338', '李宛倩', '0973-960-724', '台中市沙鹿區', '無'),
(27, '488', NULL, 'p@ssw0rd', '林榆芸', '女', '2018-05-02', NULL, 1, 'DB', 'ALL', NULL, 'R', '1979-11-28', '0978-557229', NULL, NULL, NULL, NULL),
(28, '490', '490', '0810', '陳金生', '男', '2018-05-02', NULL, 1, 'NA', 'PH', '', 'B', '1975-08-10', '0977-400719', '武氏梨', '0925-032-138', '台中市龍井區', '無'),
(29, '491', '491', '0422', '周敏惠', '女', '2018-05-02', NULL, 1, 'DA', 'PH', '', 'B', '1979-04-22', '0977-533667', '張月汝', '0980-914-536', '台中市后里區', '無'),
(30, '493', '', 'p@ssw0rd', '曾詠明', '男', '2018-05-02', NULL, 1, 'DB', 'CVD', '', 'R', '1992-01-15', '0978-151675', '周惠美', '0919-012-249', '彰化縣伸港鄉', '無'),
(31, '495', '495', '1209', '王政文', '男', '2018-05-02', NULL, 1, 'NA', 'PH', '', 'B', '1985-12-09', '0985-315850', '蔡宜珊', '0960-613-422', '台中市龍井區', '無'),
(32, '503', '', 'p@ssw0rd', '林俊宇', '男', '2018-05-09', NULL, 1, 'NA', 'ALL', '', 'R', '1979-11-05', '0920-054777', '顏秀盆', '048-238-878', '彰化縣彰化市', '無'),
(33, '504', '504', '0816', '白惠雯', '女', '2018-05-09', NULL, 1, 'NA', 'PH', '', 'B', '1979-08-16', '0933-582450', '柯金春', '0426-567-572', '台中市梧棲區', '無'),
(34, '505', '', 'p@ssw0rd', '林國龍', '男', '2018-05-09', NULL, 1, 'NB', 'CVD', '', 'R', '1989-01-04', '0925-096205', '許瑞春', '0912-366-220', '台中市大肚區', '無'),
(35, '506', '506', '0704', '陳柏諭', '女', '2018-05-09', NULL, 1, 'NB', 'PH', '', 'B', '1991-07-04', '0909-743536', '白恩維', '0980-985-600', '彰化縣和美鎮', '無'),
(36, '516', '', 'p@ssw0rd', '葉如菁', '女', '2018-05-23', NULL, 1, 'NA', 'ALL', '', 'R', '1984-10-07', '0978-996521', '葉錫琛', '0426-651-283', '台中市沙鹿區', '無'),
(37, '518', '', 'p@ssw0rd', '廖蔚松', '男', '2018-05-23', NULL, 1, 'DB', 'CVD', '', 'R', '1989-03-26', '0980-599047', '廖建成', '0978-230-789', '台中市沙鹿區', '無'),
(38, '528', '528', '0701', '李淑惠', '女', '2018-06-06', NULL, 1, 'DA', 'PH', '', 'B', '1977-07-01', '0921-482680', '翟秀敏', '047-982-581', '彰化縣伸港鄉', '無'),
(39, '529', '', 'p@ssw0rd', '林遠香', '女', '2018-06-06', NULL, 1, 'NA', 'ALL', '', 'R', '1983-03-18', '0923-313010', '簡民憲', '0923-313-010', '台中市龍井區', '無'),
(40, '531', '', 'p@ssw0rd', '何俊昱', '男', '2018-06-06', NULL, 1, 'NA', 'CVD', '', 'R', '1993-11-23', '0975-032760', '何勝鴻', '919223418', '台中市沙鹿區', '無'),
(41, '533', '533', '0213', '林健豪', '男', '2018-06-13', NULL, 1, 'NB', 'PH', '', 'B', '1993-02-13', '0919-950213', '柯雪宜', '0975-804-623', '台中市沙鹿區', '無'),
(42, '534', '', 'p@ssw0rd', '郭生灃', '男', '2018-06-13', NULL, 1, 'DA', 'CVD', '', 'R', '1977-12-29', '0970-608968', '陳怡蓁', '0923-148-867', '台中市龍井區', '無'),
(43, '535', '', 'p@ssw0rd', '陳佩君', '女', '2018-06-13', NULL, 1, 'NA', 'ALL', '', 'R', '1993-08-19', '0906-660097', '吳雅鈴', '0915-239-935', '彰化縣社頭鄉', '無'),
(44, '536', '536', '0717', '蔣忠容', '男', '2018-06-13', NULL, 1, 'DB', 'PH', '', 'B', '1982-07-17', '0988-711638', '蔣鋆皇', '007-702-285', '彰化縣福興鄉', '無'),
(45, '537', '537', '0701', '劉錫慶', '男', '2018-06-13', NULL, 1, 'DA', 'PH', '', 'B', '1991-07-01', '0987-523197', '劉秋玫', '0919-254-062', '彰化縣社頭鄉', '無'),
(46, '541', '541', '0429', '楊淑玲', '女', '2018-06-20', NULL, 2, 'NB', 'PH', '', 'B', '1978-04-29', '0908-820530', '楊秋芬', '0978-779-318', '彰化縣彰化市', '無'),
(47, '544', '', 'p@ssw0rd', '黃耀增', '男', '2018-06-20', NULL, 1, 'NB', 'CVD', '', 'R', '1985-01-19', '0987-799281', '黃瑛蘭', '0911-113-416', '彰化縣彰化市', '無'),
(48, '545', '', 'p@ssw0rd', '林廸緯', '男', '2018-06-20', NULL, 1, 'NB', 'CVD', '', 'R', '1987-08-07', '0982-993570', '林世珍', '0910-929-067', '台中市沙鹿區', '無'),
(49, '546', '', 'p@ssw0rd', '陳盛暉', '男', '2018-07-04', NULL, 1, 'NA', 'CVD', '', 'R', '1984-05-21', '0963-315912', '陳武玄', '0909-593-788', '台中市龍井區', '無'),
(50, '547', '', 'p@ssw0rd', '趙柏瑞', '男', '2018-07-04', NULL, 1, 'NA', 'ALL', '', 'R', '1991-06-17', '0988-147136', '趙映媛', '0980-223-369', '台中市清水區', '無'),
(51, '548', '548', '1119', '葉惠芳', '女', '2018-07-04', NULL, 1, 'DA', 'PH', '', 'B', '1974-11-19', '0958-034220', '葉智全', '0923-601-225', '彰化縣和美鎮', '無'),
(52, '549', '', 'p@ssw0rd', '王容豐', '男', '2018-07-04', NULL, 1, 'NB', 'CVD', '', 'R', '1985-02-07', '0983-610768', '王堂魁', '007-382-935', '彰化縣彰化市', '無'),
(53, '555', '555', '555', '陳宥允', '男', '2018-07-11', NULL, 2, 'NA', 'ALL', '', 'B', '1980-01-12', '0933-550884', '郭玟伶', '0986-566-194', '彰化縣彰化市', '無'),
(54, '556', '', '123456', '林昭萍', '女', '2018-07-11', '2018-12-23', 1, 'NA', 'ALL', '', 'R', '1981-04-10', '0976-821420', '林清輝', '026-222-333', '台中市清水區', '無'),
(55, '563', '563', '0222', '黃健軒', '男', '2018-07-18', NULL, 1, 'DA', 'PH', '', 'B', '1991-02-22', '0975-261216', '黃健維', '0931-080-771', '台中市清水區', '無'),
(56, '571', '571', '0823', '黃媚娸', '女', '2018-08-01', NULL, 1, 'NB', 'PH', '', 'B', '1991-08-23', '0975-308715', '黃玫瑗', '0987-191-859', '彰化縣和美鎮', '無'),
(57, '572', '', '123456', '李俊穎', '男', '2018-08-01', '2019-02-11', 1, 'DA', 'CVD', 'YH', 'R', '1993-08-16', '0971-011208', '尤麗玉', '935363455', '彰化縣線西鄉', '無'),
(58, '573', '', 'p@ssw0rd', '林凱盈', '男', '2018-08-01', '2018-10-26', 1, 'NA', 'ALL', '', 'R', '1980-10-02', '0963-663622', '', '', '', '無'),
(59, '574', '574', '0520', '張宛毓', '女', '2018-08-01', NULL, 1, 'DB', 'PH', '', 'B', '1979-05-20', '0901-012757', '張顯達', '0901-012-757', '彰化縣彰化市', '無'),
(60, '583', '583', '0915', '王婉柔', '女', '2018-08-15', NULL, 1, 'DB', 'PH', '', 'B', '1987-09-15', '0916-288250', '高美花', '076-935-050', '彰化縣彰化市', '無'),
(61, '584', '584', '0510', '王群涵', '男', '2018-08-15', NULL, 1, 'NB', 'PH', '', 'B', '1995-05-10', '0989-247334', '黃心慈', '0981-554-771', '彰化縣彰化市', '無'),
(62, '585', '', 'p@ssw0rd', '陳亭儒', '女', '2018-08-15', NULL, 1, 'NA', 'ALL', '', 'R', '1994-08-29', '0909-599977', '王明暉', '0911-075-323', '彰化縣和美鎮', '無'),
(63, '587', '', 'p@ssw0rd', '蔡明褞', '男', '2018-08-22', NULL, 1, 'NA', 'ALL', '', 'R', '1981-07-16', '0920-720001', '林玉雲', '0422-730-092', '台中市龍井區', '無'),
(64, '588', '', 'p@ssw0rd', '林為成', '男', '2018-08-22', NULL, 1, 'DA', 'CVD', '', 'R', '1991-06-30', '0911-837698', '林慶郎', '0972-612-339', '彰化縣和美鎮', '無'),
(65, '598', '', 'p@ssw0rd', '林嘉俊', '男', '2018-09-05', NULL, 2, 'NA', 'ALL', '', 'R', '1982-10-30', '0919-118311', '林杏喜', '0978-321-939', '台中市龍井區', '無'),
(66, '599', '599', '0704', '陳信安', '男', '2018-09-05', NULL, 1, 'DB', 'PH', '', 'B', '1981-07-04', '0983-765096', '楊?雁', '0955-350-453', '彰化縣彰化市', '無'),
(67, '605', '605', '1015', '李葦瀚', '女', '2018-09-12', NULL, 1, 'NB', 'PH', '', 'B', '1989-10-15', '0976-064831', '姑姑', '0932-072-182', '彰化縣鹿港鎮', '無'),
(68, '606', '606', '0726', '施文婷', '女', '2018-09-12', NULL, 1, 'DA', 'PH', '', 'B', '1986-07-26', '0983-765099', '施學利', '0928-959-799', '彰化縣鹿港鎮', '無'),
(69, '619', '', 'p@ssw0rd', '葉俊傑', '男', '2018-10-04', NULL, 2, 'NA', 'ALL', '', 'R', '1979-03-29', '0917-511310', '梁玉英', '0424-619-766', '台中市西屯區', '無'),
(70, '620', '620', '1023', '柯淑娟', '女', '2018-10-04', NULL, 1, 'NA', 'PH', '', 'B', '1976-10-23', '0923-588122', '蘇韋倫', '0938-050-026', '彰化縣線西鄉', '無'),
(71, '621', '621', '0726', '王稚翔', '男', '2018-10-04', NULL, 1, 'DB', 'PH', '', 'B', '1978-07-26', '0976-702220', '紀妙姿', '0960-779-718', '台中市梧棲區', '無'),
(72, '604', '', '', '鄭祖元', '男', NULL, NULL, 5, 'NA', 'ALL', '', '', NULL, '', '林鈺聆', '0934-404-326', '彰化縣彰化市', '無'),
(73, '618', '', '', '詹智翔', '男', NULL, NULL, 5, 'NA', 'ALL', '', '', NULL, '', '詹益桂', '0423-124-714', '台中市沙鹿區', '無'),
(74, '569', 'amychen', 'Bowbow0923', '陳筱筠', '女', NULL, NULL, 3, 'NA', 'ALL', '', 'A', NULL, '', '陳乃聰', '0988-880-962', '台中市西屯區', '無'),
(75, '628', '', '', '吳禹鈞', '男', NULL, NULL, 1, 'NA', 'ALL', '', '', '1984-05-20', '', '藍彩媚', '0911-784-455', '彰化縣芬園鄉', '無'),
(76, '629', '629', '0303', '徐靜儀', '女', NULL, '2019-03-21', 1, 'NB', 'PH', '', 'B', '1987-03-03', '', '吳瓊純', '0913-719-318', '台中市沙鹿區', '無'),
(77, '409', 'YH', '123654', '林彥亨', '男', '2018-01-17', NULL, 5, '常日', 'ALL', '', 'A', NULL, '', '江曉莉', '0975-719-562', '台中市沙鹿區', '無'),
(78, '076', 'luca', 'luca', '黃冠智', '男', NULL, NULL, 5, '常日', 'ALL', '', 'A', NULL, '', '呂家欣', '0938097181', '台中市南屯區', '無'),
(79, '152', 'kelivin', '04261020', '姚紹貿', '男', NULL, NULL, 5, '常日', 'ALL', 'YH', 'A', NULL, '0952195259', '', '', '台中市南屯區', '無'),
(80, '229', '', '', '楊志文', '男', NULL, NULL, 5, 'NA', 'ALL', '', '', NULL, '', '黃翠蓮', '0918-896-211', '彰化縣伸港鄉', '無'),
(81, '138', 'EJ', '123456', '張怡笳', '女', NULL, NULL, 5, '常日', 'ALL', '', 'B', NULL, '', '黃昭凱', '0961-121-899', '台中市南屯區', '無'),
(82, '525', '', 'p@ssw0rd', '蘇冠憲', '男', NULL, NULL, 5, 'NA', 'ALL', '', '', NULL, '', '陳淑釵', '0955-619-341', '台中市西屯區', '無'),
(83, '632', '632', '0803', '鄔佳珍', '女', '2018-11-07', NULL, 1, 'DB', 'PH', '', 'B', '1982-08-03', '', '陳修偉', '0978-288-897', '彰化縣福興鄉', '無'),
(84, '633', '633', '0304', '葉乃菁', '女', '2018-11-07', NULL, 1, 'NB', 'PH', '', 'B', '1985-03-04', '', '葉東漢', '0963-316-103', '台中市沙鹿區', '無'),
(85, '634', '', '', '范淑美', '女', '2018-11-07', NULL, 1, 'NA', 'ALL', '', '', '1983-07-31', '', '王祥帆', '0955-984-548', '彰化縣和美鎮', '無'),
(86, '642', '642', '0813', '周雲皓', '男', '2018-11-21', NULL, 1, 'DA', 'PH', '', 'B', '1982-08-13', '', '楊金鳳', '0917-692-916', '彰化縣和美鎮', '無'),
(87, '644', '644', '1224', '黃煜青', '男', '2018-11-21', NULL, 1, 'NA', 'PH', '', 'B', '1979-12-24', '', '黃美蓮', '0913-057-577', '台中市沙鹿區', '無'),
(88, '646', '', '', '梁玉蓮', '女', '2018-11-21', NULL, 1, 'NA', 'ALL', '', '', '1994-01-17', '', '梁志強', '0930-179-650', '彰化縣鹿港鎮', '無'),
(89, '647', '', '', '陳世得', '男', '2018-11-21', NULL, 1, 'NA', 'ALL', '', '', '1974-01-16', '', '陳慶雄', '048-850-389', '彰化縣溪湖鎮', '無'),
(90, '649', '', '', '沈臻欣', '男', '2018-12-05', NULL, 2, 'NA', 'ALL', '', '', '1983-09-24', '', '王曉筠', '048-653-864', '彰化縣埔鹽鄉', '無'),
(91, '650', '', '', '郭怡岑', '女', '2018-12-05', NULL, 1, 'NA', 'ALL', '', '', '1984-09-12', '', '林玉雀', '0912-031-155', '台中市沙鹿區', '無'),
(92, '652', '652', '0728', '楊秋芬', '女', '2018-12-05', NULL, 1, 'NB', 'PH', '', '', '1980-07-28', '', '楊淑玲', '0908-820-530', '南投縣埔里鎮', '無'),
(93, '653', '653', '0709', '謝振維', '男', '2018-12-05', NULL, 1, 'DA', 'PH', '', 'B', '1980-07-09', '', '謝明杰', '928360058', '台中市沙鹿區', '無'),
(94, '656', '', '', '王祥帆', '男', '2018-12-12', NULL, 1, 'NA', 'ALL', '', '2', '1986-07-28', '', '郭紫燕', '047-577-303', '彰化縣和美鎮', '無'),
(95, '657', '', '', '吳振龍', '男', '2018-12-12', NULL, 1, 'NA', 'ALL', '', '', NULL, '', '吳秉宸', '0980-629-029', '台中市沙鹿區', '無'),
(96, '643', '643', '0813', '高家慶', '男', '2018-11-21', NULL, 1, 'NA', 'PH', '', 'B', '1979-08-13', '', '高進安', '0932-460-672', '台中市龍井區', '無'),
(97, '645', '645', '0627', '郭弦恆', '男', '2018-11-21', '2018-03-19', 1, 'DB', 'PH', '', 'B', '1989-06-27', '', '郭梓棋', '0935-876-338', '彰化縣和美鎮', '無'),
(98, '658', '658', '123456', '賈振周', '男', '2018-12-12', '2019-01-24', 1, 'NA', 'PH', '', '', NULL, '', '鍾秀英', '0922-333-128', '台中市沙鹿區', '無'),
(99, '660', '660', '660', '廖柄潾', '男', '2018-12-19', NULL, 2, 'DB', 'CVD', '', '', '1979-01-14', '', '', '', '', '無'),
(100, '661', '661', '661', '邱英哲', '男', '2018-12-19', NULL, 2, 'NA', 'PULLER', '', '', '1991-11-17', '', '', '', '', '無'),
(101, '663', '663', '663', '陳敏聖', '男', '2019-01-02', NULL, 1, 'NB', 'CVD', '', '', '1982-03-20', '', '', '', '', '無'),
(102, '667', '667', '0720', '蔡承翰', '男', '2019-01-09', NULL, 1, 'NA', 'PH', '', 'B', '1976-07-20', '', '', '', '', '無');

-- --------------------------------------------------------

--
-- 資料表結構 `package_info`
--

CREATE TABLE `package_info` (
  `id` int(11) NOT NULL,
  `date1` date NOT NULL,
  `time1` time NOT NULL,
  `reactor_lot` varchar(20) COLLATE utf8_bin NOT NULL,
  `box` text COLLATE utf8_bin NOT NULL,
  `product` text COLLATE utf8_bin NOT NULL,
  `lot1` text COLLATE utf8_bin NOT NULL,
  `weight1` float NOT NULL,
  `lot2` text COLLATE utf8_bin NOT NULL,
  `weight2` float NOT NULL,
  `lot3` text COLLATE utf8_bin NOT NULL,
  `weight3` float NOT NULL,
  `total_weight` float NOT NULL,
  `recorder` text COLLATE utf8_bin NOT NULL COMMENT '紀錄者',
  `reactor_lot2` varchar(20) COLLATE utf8_bin DEFAULT NULL,
  `reactor_lot3` varchar(20) COLLATE utf8_bin DEFAULT NULL,
  `puller_use` tinyint(1) NOT NULL,
  `memo` text COLLATE utf8_bin
) ENGINE=InnoDB DEFAULT CHARSET=utf8 COLLATE=utf8_bin;

--
-- 資料表的匯出資料 `package_info`
--

INSERT INTO `package_info` (`id`, `date1`, `time1`, `reactor_lot`, `box`, `product`, `lot1`, `weight1`, `lot2`, `weight2`, `lot3`, `weight3`, `total_weight`, `recorder`, `reactor_lot2`, `reactor_lot3`, `puller_use`, `memo`) VALUES
(1, '2019-02-03', '16:25:27', '890003.00', 'C90000001', 'DP002', 'B90000020', 10, 'B90000002', 10, 'B90000001', 10, 30, '王稚翔', '890003.00', '890003.00', 0, ''),
(2, '2019-02-03', '16:31:24', '890003.00', 'C90000002', 'CK002', 'B90000005', 10, 'B90000004', 10, 'B90000003', 10, 30, '張宛毓', '890003.00', '890003.00', 0, ''),
(3, '2019-02-03', '16:32:48', '890003.00', 'C90000003', 'DP002', 'B90000021', 10, 'B90000022', 10, 'B90000023', 10, 30, '張宛毓', '890003.00', '890003.00', 0, ''),
(4, '2019-02-03', '16:34:09', '890003.00', 'C90000004', 'DP002', 'B90000024', 10, 'B90000025', 10, 'B90000026', 10, 30, '張宛毓', '890003.00', '890003.00', 0, ''),
(5, '2019-02-03', '16:35:23', '890003.00', 'C90000005', 'CK002', 'B90000012', 10, 'B90000007', 10, 'B90000006', 10, 30, '張宛毓', '890003.00', '890003.00', 0, ''),
(6, '2019-02-03', '16:36:15', '890003.00', 'C90000006', 'DP002', 'B90000027', 10, 'B90000028', 10, 'B90000029', 10, 30, '張宛毓', '890003.00', '890003.00', 0, ''),
(7, '2019-02-03', '16:39:59', '890003.00', 'C90000007', 'DP002', 'B90000030', 10, 'B90000031', 10, 'B90000032', 10, 30, '張宛毓', '890003.00', '890003.00', 0, ''),
(8, '2019-02-03', '16:48:08', '890003.00', 'C90000008', 'CK002', 'B90000008', 10, 'B90000009', 10, 'B90000010', 10, 30, '張宛毓', '890003.00', '890003.00', 0, ''),
(9, '2019-02-03', '18:15:30', '890003.00', 'C90000009', 'DP002', 'B90000033', 10, 'B90000034', 10, 'B90000035', 10, 30, '張宛毓', '890003.00', '890003.00', 0, ''),
(10, '2019-02-03', '18:29:10', '890003.00', 'C90000010', 'CK002', 'B90000011', 10, 'B90000013', 10, 'B90000014', 10, 30, '楊秋芬', '890003.00', '890003.00', 0, ''),
(11, '2019-02-03', '18:30:04', '890003.00', 'C90000011', 'DP002', 'B90000036', 10, 'B90000037', 10, 'B90000038', 10, 30, '楊秋芬', '890003.00', '890003.00', 0, ''),
(12, '2019-02-03', '18:31:07', '890003.00', 'C90000012', 'DP002', 'B90000039', 10, 'B90000040', 10, 'B90000041', 10, 30, '楊秋芬', '890003.00', '890003.00', 0, ''),
(13, '2019-02-03', '18:35:39', '890003.00', 'C90000013', 'DP002', 'B90000042', 10, 'B90000043', 10, 'B90000044', 10, 30, '楊秋芬', '890003.00', '890003.00', 0, ''),
(14, '2019-02-03', '18:44:03', '890003.00', 'C90000014', 'DP002', 'B90000045', 10, 'B90000046', 10, 'B90000047', 10, 30, '楊秋芬', '890003.00', '890003.00', 0, ''),
(15, '2019-02-03', '18:46:02', '890003.00', 'C90000015', 'DP002', 'B90000048', 10, 'B90000049', 10, 'B90000050', 10, 30, '楊秋芬', '890003.00', '890003.00', 0, ''),
(16, '2019-02-03', '18:53:35', '890003.00', 'C90000016', 'CK002', 'B90000015', 10, 'B90000016', 10, 'B90000017', 10, 30, '楊秋芬', '890003.00', '890003.00', 0, ''),
(17, '2019-02-03', '19:13:33', '890003.00', 'C90000017', 'DP002', 'B90000051', 10, 'B90000052', 10, 'B90000054', 10, 30, '楊秋芬', '890003.00', '890003.00', 0, ''),
(18, '2019-02-04', '10:53:48', '890003.00', 'C90000018', 'DP002', 'B90000055', 10, 'B90000057', 10, 'B90000056', 10, 30, '周雲皓', '890003.00', '890003.00', 0, ''),
(19, '2019-02-04', '14:02:09', '890003.00', 'C90000019', 'DP002', 'B90000072', 10, 'B90000068', 10, 'B90000071', 10, 30, '周雲皓', '890003.00', '890003.00', 0, ''),
(20, '2019-02-04', '14:03:26', '890003.00', 'C90000020', 'DP002', 'B90000070', 10, 'B90000067', 10, 'B90000069', 10, 30, '周雲皓', '890003.00', '890003.00', 0, ''),
(21, '2019-02-04', '14:04:17', '890003.00', 'C90000021', 'DP002', 'B90000066', 10, 'B90000065', 10, 'B90000064', 10, 30, '周雲皓', '890003.00', '890003.00', 0, ''),
(22, '2019-02-04', '14:06:24', '890003.00', 'C90000022', 'DP002', 'B90000063', 10, 'B90000062', 10, 'B90000060', 10, 30, '周雲皓', '890003.00', '890003.00', 0, ''),
(23, '2019-02-04', '14:07:45', '890003.00', 'C90000023', 'DP002', 'B90000061', 10, 'B90000059', 10, 'B90000058', 10, 30, '周雲皓', '890003.00', '890003.00', 0, ''),
(24, '2019-02-04', '14:16:45', '890003.00', 'C90000024', 'CK002', 'B90000018', 10, 'B90000019', 10, 'B90000053', 10, 30, '周雲皓', '890003.00', '890003.00', 0, ''),
(25, '2019-02-04', '14:32:00', '890003.00', 'C90000025', 'CK002', 'B90000078', 10, 'B90000077', 10, 'B90000076', 10, 30, '周雲皓', '890003.00', '890003.00', 0, ''),
(26, '2019-02-04', '14:33:27', '890003.00', 'C90000026', 'CK002', 'B90000075', 10, 'B90000074', 10, 'B90000073', 10, 30, '周雲皓', '890003.00', '890003.00', 0, ''),
(27, '2019-02-04', '14:55:34', '890003.00', 'C90000027', 'DP002', 'B90000079', 10, 'B90000080', 10, 'B90000081', 10, 30, '周雲皓', '890003.00', '890003.00', 0, ''),
(28, '2019-02-04', '14:56:49', '890003.00', 'C90000028', 'DP002', 'B90000084', 10, 'B90000082', 10, 'B90000083', 10, 30, '周雲皓', '890003.00', '890003.00', 0, ''),
(29, '2019-02-04', '15:57:18', '890003.00', 'C90000029', 'DP002', 'B90000094', 10, 'B90000095', 10, 'B90000093', 10, 30, '周雲皓', '890003.00', '890003.00', 0, ''),
(30, '2019-02-04', '16:04:24', '890003.00', 'C90000031', 'CK002', 'B90000085', 10, 'B90000086', 10, 'B90000088', 10, 30, '周雲皓', '890003.00', '890003.00', 0, ''),
(31, '2019-02-04', '16:04:49', '890003.00', 'C90000030', 'DP002', 'B90000090', 10, 'B90000091', 10, 'B90000089', 10, 30, '周雲皓', '890003.00', '890003.00', 0, ''),
(32, '2019-02-11', '13:38:06', '890003.00', 'C90000032', 'DP002', 'B90000097', 10, 'B90000098', 10, 'B90000099', 10, 30, '張宛毓', '890003.00', '890003.00', 0, ''),
(33, '2019-02-11', '13:52:24', '890003.00', 'C90000033', 'DP002', 'B90000100', 10, 'B90000104', 10, 'B90000101', 10, 30, '張宛毓', '890003.00', '890003.00', 0, ''),
(34, '2019-02-11', '14:17:19', '890003.00', 'C90000034', 'DP002', 'B90000106', 10, 'B90000105', 10, 'B90000107', 10, 30, '張宛毓', '890003.00', '890003.00', 0, ''),
(35, '2019-02-11', '14:44:47', '890003.00', 'C90000035', 'DP002', 'B90000109', 10, 'B90000108', 10, 'B90000112', 10, 30, '張宛毓', '890003.00', '890003.00', 0, ''),
(36, '2019-02-11', '16:16:11', '890003.00', 'C90000036', 'DP002', 'B90000126', 10, 'B90000121', 10, 'B90000120', 10, 30, '王稚翔', '890003.00', '890003.00', 0, ''),
(37, '2019-02-11', '16:25:44', '890003.00', 'C90000037', 'CK002', 'B90000111', 10, 'B90000123', 10, 'B90000103', 10, 30, '王稚翔', '890003.00', '890003.00', 0, ''),
(38, '2019-02-11', '16:27:25', '890003.00', 'C90000038', 'CK002', 'B90000122', 10, 'B90000102', 10, 'B90000087', 10, 30, '王稚翔', '890003.00', '890003.00', 0, ''),
(39, '2019-02-11', '16:28:07', '890003.00', 'C90000039', 'CK002', 'B90000110', 10, 'B90000118', 10, 'B90000115', 10, 30, '王稚翔', '890003.00', '890003.00', 0, ''),
(40, '2019-02-11', '16:28:57', '890003.00', 'C90000040', 'CK002', 'B90000116', 10, 'B90000113', 10, 'B90000114', 10, 30, '王稚翔', '890003.00', '890003.00', 0, ''),
(41, '2019-02-11', '16:30:02', '890003.00', 'C90000041', 'CK002', 'B90000131', 10, 'B90000129', 10, 'B90000130', 10, 30, '王稚翔', '890003.00', '890003.00', 0, ''),
(42, '2019-02-11', '16:31:13', '890003.00', 'C90000042', 'CK002', 'B90000128', 10, 'B90000127', 10, 'B90000124', 10, 30, '王稚翔', '890003.00', '890003.00', 0, ''),
(43, '2019-02-13', '14:59:54', '890009.00', 'C90000043', 'CK002', 'B90000139', 10, 'B90000138', 10, 'B90000136', 10, 30, '白惠雯', '890009.00', '890009.00', 0, ''),
(44, '2019-02-13', '15:10:51', '890009.00', 'C90000044', 'CK002', 'B90000137', 10, 'B90000135', 10, 'B90000140', 10, 30, '施文婷', '890009.00', '890009.00', 0, ''),
(45, '2019-02-13', '15:34:09', '890009.00', 'C90000045', 'CK002', 'B90000141', 10, 'B90000142', 10, 'B90000143', 10, 30, '葉惠芳', '890009.00', '890009.00', 0, ''),
(46, '2019-02-13', '15:40:57', '890009.00', 'C90000046', 'CK002', 'B90000146', 10, 'B90000145', 10, 'B90000144', 10, 30, '李淑惠', '890009.00', '890009.00', 0, ''),
(47, '2019-02-13', '15:59:28', '890009.00', 'C90000047', 'CK002', 'B90000148', 10, 'B90000147', 10, 'B90000149', 10, 30, '董怡菁', '890009.00', '890009.00', 0, ''),
(48, '2019-02-13', '16:10:09', '890009.00', 'C90000048', 'CK002', 'B90000150', 10, 'B90000151', 10, 'B90000152', 10, 30, '董怡菁', '890009.00', '890009.00', 0, ''),
(49, '2019-02-13', '16:26:09', '890009.00', 'C90000049', 'CK002', 'B90000155', 10, 'B90000154', 10, 'B90000153', 10, 30, '董怡菁', '890009.00', '890009.00', 0, ''),
(50, '2019-02-13', '16:50:07', '890009.00', 'C90000050', 'CK002', 'B90000156', 10, 'B90000157', 10, 'B90000158', 10, 30, '董怡菁', '890009.00', '890009.00', 0, ''),
(51, '2019-02-13', '17:36:43', '890009.00', 'C90000051', 'CK002', 'B90000160', 10, 'B90000161', 10, 'B90000162', 10, 30, '施文婷', '890009.00', '890009.00', 0, ''),
(52, '2019-02-13', '17:39:20', '890009.00', 'C90000052', 'CK002', 'B90000164', 10, 'B90000163', 10, 'B90000159', 10, 30, '施文婷', '890009.00', '890009.00', 0, ''),
(53, '2019-02-13', '17:50:04', '890009.00', 'C90000053', 'CK002', 'B90000167', 10, 'B90000166', 10, 'B90000165', 10, 30, '施文婷', '890009.00', '890009.00', 0, ''),
(54, '2019-02-13', '17:52:47', '890009.00', 'C90000054', 'CK002', 'B90000169', 10, 'B90000168', 10, 'B90000170', 10, 30, '施文婷', '890009.00', '890009.00', 0, ''),
(55, '2019-02-13', '18:00:04', '890009.00', 'C90000055', 'CK002', 'B90000171', 10, 'B90000172', 10, 'B90000173', 10, 30, '施文婷', '890009.00', '890009.00', 0, ''),
(56, '2019-02-13', '18:34:38', '890009.00', 'C90000057', 'CK002', 'B90000185', 10, 'B90000184', 10, 'B90000183', 10, 30, '董怡菁', '890009.00', '890009.00', 0, ''),
(57, '2019-02-13', '18:39:27', '890009.00', 'C90000058', 'CK002', 'B90000182', 10, 'B90000181', 10, 'B90000177', 10, 30, '董怡菁', '890009.00', '890009.00', 0, ''),
(58, '2019-02-13', '18:42:42', '890009.00', 'C90000059', 'CK002', 'B90000178', 10, 'B90000180', 10, 'B90000186', 10, 30, '董怡菁', '890009.00', '890009.00', 0, ''),
(59, '2019-02-13', '18:45:47', '890009.00', 'C90000060', 'CK002', 'B90000174', 10, 'B90000188', 10, 'B90000187', 10, 30, '董怡菁', '890009.00', '890009.00', 0, ''),
(60, '2019-02-13', '18:49:37', '890009.00', 'C90000061', 'CK002', 'B90000179', 10, 'B90000176', 10, 'B90000190', 10, 30, '董怡菁', '890009.00', '890009.00', 0, ''),
(61, '2019-02-13', '18:55:34', '890009.00', 'C90000062', 'CK002', 'B90000175', 10, 'B90000191', 10, 'B90000189', 10, 30, '董怡菁', '890009.00', '890009.00', 0, ''),
(62, '2019-02-13', '19:00:05', '890009.00', 'C90000063', 'CK002', 'B90000193', 10, 'B90000192', 10, 'B90000194', 10, 30, '董怡菁', '890009.00', '890009.00', 0, ''),
(63, '2019-02-13', '19:06:55', '890009.00', 'C90000064', 'CK002', 'B90000195', 10, 'B90000196', 10, 'B90000197', 10, 30, '董怡菁', '890009.00', '890009.00', 0, ''),
(64, '2019-02-14', '09:28:34', '890009.00', 'C90000065', 'CK002', 'B90000198', 10, 'B90000199', 10, 'B90000200', 10, 30, '陳柏諭', '890009.00', '890009.00', 0, ''),
(65, '2019-02-14', '09:32:51', '890009.00', 'C90000066', 'CK002', 'B90000204', 10, 'B90000202', 10, 'B90000201', 10, 30, '陳柏諭', '890009.00', '890009.00', 0, ''),
(66, '2019-02-14', '09:36:02', '890009.00', 'C90000067', 'CK002', 'B90000206', 10, 'B90000205', 10, 'B90000203', 10, 30, '陳柏諭', '890009.00', '890009.00', 0, ''),
(67, '2019-02-14', '11:03:13', '890009.00', 'C90000068', 'CK002', 'B90000207', 10, 'B90000208', 10, 'B90000209', 10, 30, '蔣忠容', '890009.00', '890009.00', 0, ''),
(68, '2019-02-14', '11:06:26', '890009.00', 'C90000069', 'CK002', 'B90000210', 10, 'B90000211', 10, 'B90000212', 10, 30, '蔣忠容', '890009.00', '890009.00', 0, ''),
(69, '2019-02-14', '11:09:43', '890009.00', 'C90000070', 'CK002', 'B90000213', 10, 'B90000214', 10, 'B90000215', 10, 30, '蔣忠容', '890009.00', '890009.00', 0, ''),
(70, '2019-02-14', '11:11:52', '890009.00', 'C90000071', 'CK002', 'B90000216', 10, 'B90000217', 10, 'B90000218', 10, 30, '蔣忠容', '890009.00', '890009.00', 0, ''),
(71, '2019-02-14', '11:17:11', '890009.00', 'C90000072', 'CK002', 'B90000219', 10, 'B90000220', 10, 'B90000221', 10, 30, '蔣忠容', '890009.00', '890009.00', 0, ''),
(72, '2019-02-14', '12:48:26', '890009.00', 'C90000074', 'CK002', 'B90000222', 10, 'B90000223', 10, 'B90000224', 10, 30, '蔣忠容', '890009.00', '890009.00', 0, ''),
(73, '2019-02-14', '12:49:36', '890009.00', 'C90000073', 'CK002', 'B90000225', 10, 'B90000226', 10, 'B90000227', 10, 30, '蔣忠容', '890009.00', '890009.00', 0, ''),
(74, '2019-02-14', '12:55:16', '890009.00', 'C90000075', 'CK002', 'B90000228', 10, 'B90000229', 10, 'B90000230', 10, 30, '蔣忠容', '890009.00', '890009.00', 0, ''),
(75, '2019-02-14', '12:59:21', '890009.00', 'C90000076', 'CK002', 'B90000231', 10, 'B90000232', 10, 'B90000233', 10, 30, '蔣忠容', '890009.00', '890009.00', 0, ''),
(77, '2019-02-14', '13:06:03', '890009.00', 'C90000077', 'CK002', 'B90000234', 10, 'B90000235', 10, 'B90000236', 10, 30, '蔣忠容', '890009.00', '890009.00', 0, ''),
(78, '2019-02-14', '13:13:09', '890009.00', 'C90000078', 'CK002', 'B90000237', 10, 'B90000238', 10, 'B90000239', 10, 30, '蔣忠容', '890009.00', '890009.00', 0, ''),
(79, '2019-02-14', '13:16:43', '890009.00', 'C90000079', 'CK002', 'B90000240', 10, 'B90000241', 10, 'B90000242', 10, 30, '蔣忠容', '890009.00', '890009.00', 0, ''),
(80, '2019-02-14', '13:20:36', '890009.00', 'C90000080', 'CK002', 'B90000243', 10, 'B90000244', 10, 'B90000245', 10, 30, '蔣忠容', '890009.00', '890009.00', 0, ''),
(81, '2019-02-14', '13:24:35', '890009.00', 'C90000081', 'CK002', 'B90000248', 10, 'B90000247', 10, 'B90000246', 10, 30, '蔣忠容', '890009.00', '890009.00', 0, ''),
(82, '2019-02-14', '13:28:00', '890009.00', 'C90000082', 'CK002', 'B90000249', 10, 'B90000250', 10, 'B90000251', 10, 30, '蔣忠容', '890009.00', '890009.00', 0, ''),
(83, '2019-02-14', '13:30:56', '890009.00', 'C90000083', 'CK002', 'B90000252', 10, 'B90000253', 10, 'B90000254', 10, 30, '蔣忠容', '890009.00', '890009.00', 0, ''),
(85, '2019-02-14', '13:35:26', '890009.00', 'C90000084', 'CK002', 'B90000255', 10, 'B90000256', 10, 'B90000257', 10, 30, '蔣忠容', '890009.00', '890009.00', 0, ''),
(86, '2019-02-14', '13:39:00', '890009.00', 'C90000085', 'CK002', 'B90000258', 10, 'B90000259', 10, 'B90000260', 10, 30, '蔣忠容', '890009.00', '890009.00', 0, ''),
(87, '2019-02-14', '13:44:50', '890009.00', 'C90000086', 'CK002', 'B90000261', 10, 'B90000262', 10, 'B90000263', 10, 30, '蔣忠容', '890009.00', '890009.00', 0, ''),
(88, '2019-02-14', '13:48:42', '890009.00', 'C90000087', 'CK002', 'B90000264', 10, 'B90000265', 10, 'B90000266', 10, 30, '蔣忠容', '890009.00', '890009.00', 0, ''),
(89, '2019-02-14', '13:52:18', '890009.00', 'C90000088', 'CK002', 'B90000267', 10, 'B90000268', 10, 'B90000269', 10, 30, '蔣忠容', '890009.00', '890009.00', 0, ''),
(90, '2019-02-14', '13:55:53', '890009.00', 'C90000089', 'CK002', 'B90000270', 10, 'B90000271', 10, 'B90000272', 10, 30, '蔣忠容', '890009.00', '890009.00', 0, ''),
(91, '2019-02-14', '13:59:51', '890009.00', 'C90000090', 'CK002', 'B90000273', 10, 'B90000274', 10, 'B90000275', 10, 30, '蔣忠容', '890009.00', '890009.00', 0, ''),
(92, '2019-02-14', '14:04:01', '890009.00', 'C90000091', 'CK002', 'B90000276', 10, 'B90000277', 10, 'B90000278', 10, 30, '蔣忠容', '890009.00', '890009.00', 0, ''),
(93, '2019-02-14', '14:07:00', '890009.00', 'C90000092', 'CK002', 'B90000279', 10, 'B90000280', 10, 'B90000281', 10, 30, '蔣忠容', '890009.00', '890009.00', 0, ''),
(94, '2019-02-14', '14:12:42', '890009.00', 'C90000093', 'CK002', 'B90000284', 10, 'B90000283', 10, 'B90000282', 10, 30, '蔣忠容', '890009.00', '890009.00', 0, ''),
(95, '2019-02-14', '14:16:00', '890009.00', 'C90000094', 'CK002', 'B90000286', 10, 'B90000285', 10, 'B90000287', 10, 30, '蔣忠容', '890009.00', '890009.00', 0, ''),
(96, '2019-02-14', '14:20:33', '890009.00', 'C90000095', 'CK002', 'B90000289', 10, 'B90000288', 10, 'B90000290', 10, 30, '蔣忠容', '890009.00', '890009.00', 0, ''),
(97, '2019-02-14', '14:23:40', '890009.00', 'C90000096', 'CK002', 'B90000292', 10, 'B90000291', 10, 'B90000293', 10, 30, '蔣忠容', '890009.00', '890009.00', 0, ''),
(98, '2019-02-14', '14:28:39', '890009.00', 'C90000097', 'CK002', 'B90000296', 10, 'B90000295', 10, 'B90000294', 10, 30, '蔣忠容', '890009.00', '890009.00', 0, ''),
(99, '2019-02-14', '14:32:06', '890009.00', 'C90000098', 'CK002', 'B90000298', 10, 'B90000297', 10, 'B90000299', 10, 30, '蔣忠容', '890009.00', '890009.00', 0, ''),
(100, '2019-02-14', '14:36:40', '890009.00', 'C90000099', 'CK002', 'B90000300', 10, 'B90000301', 10, 'B90000302', 10, 30, '蔣忠容', '890009.00', '890009.00', 0, ''),
(101, '2019-02-18', '10:38:37', '890009.00', 'C90000100', 'CK002', 'B90000304', 10, 'B90000303', 10, 'B90000305', 10, 30, '蔣忠容', '890009.00', '890009.00', 0, ''),
(106, '2019-02-18', '12:18:45', '890009.00', 'C90000101', 'CK002', 'B90000306', 10, 'B90000307', 10, 'B90000308', 10, 30, '蔣忠容', '890009.00', '890009.00', 0, ''),
(107, '2019-02-18', '12:24:56', '890009.00', 'C90000102', 'CK002', 'B90000309', 10, 'B90000310', 10, 'B90000311', 10, 30, '陳柏諭', '890009.00', '890009.00', 0, ''),
(108, '2019-02-18', '13:54:25', '890009.00', 'C90000103', 'CK002', 'B90000312', 10, 'B90000313', 10, 'B90000314', 10, 30, '蔣忠容', '890009.00', '890009.00', 0, ''),
(109, '2019-02-18', '14:00:38', '890009.00', 'C90000104', 'CK002', 'B90000315', 10, 'B90000316', 10, 'B90000317', 10, 30, '蔣忠容', '890009.00', '890009.00', 0, ''),
(110, '2019-02-18', '14:05:30', '890009.00', 'C90000105', 'CK002', 'B90000320', 10, 'B90000319', 10, 'B90000318', 10, 30, '蔣忠容', '890009.00', '890009.00', 0, ''),
(111, '2019-02-18', '16:20:31', '890009.00', 'C90000106', 'CK002', 'B90000321', 10, 'B90000322', 10, 'B90000323', 10, 30, '蔣忠容', '890009.00', '890009.00', 0, ''),
(112, '2019-02-18', '16:26:29', '890009.00', 'C90000107', 'CK002', 'B90000324', 10, 'B90000325', 10, 'B90000326', 10, 30, '蔣忠容', '890009.00', '890009.00', 0, ''),
(113, '2019-02-18', '16:41:32', '890009.00', 'C90000108', 'CK002', 'B90000327', 10, 'B90000328', 10, 'B90000329', 10, 30, '蔣忠容', '890009.00', '890009.00', 0, ''),
(114, '2019-02-22', '11:30:57', '890010.00', 'C90000109', 'CK002', 'B90000335', 10, 'B90000334', 10, 'B90000333', 10, 30, '陳信安', '890010.00', '890010.00', 0, ''),
(115, '2019-02-22', '11:37:14', '890010.00', 'C90000110', 'CK002', 'B90000338', 10, 'B90000336', 10, 'B90000337', 10, 30, '陳信安', '890010.00', '890010.00', 0, ''),
(116, '2019-02-22', '11:45:54', '890010.00', 'C90000111', 'CK002', 'B90000339', 10, 'B90000340', 10, 'B90000341', 10, 30, '陳信安', '890010.00', '890010.00', 0, ''),
(117, '2019-02-22', '13:17:08', '890010.00', 'C90000112', 'CK002', 'B90000344', 10, 'B90000343', 10, 'B90000342', 10, 30, '陳信安', '890010.00', '890010.00', 0, ''),
(118, '2019-02-22', '13:23:10', '890010.00', 'C90000113', 'CK002', 'B90000347', 10, 'B90000346', 10, 'B90000345', 10, 30, '陳信安', '890010.00', '890010.00', 0, ''),
(119, '2019-02-22', '13:26:55', '890010.00', 'C90000114', 'CK002', 'B90000350', 10, 'B90000349', 10, 'B90000348', 10, 30, '陳信安', '890010.00', '890010.00', 0, ''),
(120, '2019-02-22', '13:31:01', '890010.00', 'C90000115', 'CK002', 'B90000352', 10, 'B90000351', 10, 'B90000353', 10, 30, '陳信安', '890010.00', '890010.00', 0, ''),
(121, '2019-02-22', '13:38:36', '890010.00', 'C90000116', 'CK002', 'B90000355', 10, 'B90000354', 10, 'B90000356', 10, 30, '陳信安', '890010.00', '890010.00', 0, ''),
(122, '2019-02-22', '13:46:20', '890010.00', 'C90000117', 'CK002', 'B90000358', 10, 'B90000357', 10, 'B90000359', 10, 30, '陳信安', '890010.00', '890010.00', 0, ''),
(123, '2019-02-22', '13:58:58', '890010.00', 'C90000118', 'CK002', 'B90000362', 10, 'B90000361', 10, 'B90000360', 10, 30, '陳信安', '890010.00', '890010.00', 0, ''),
(124, '2019-02-22', '14:02:25', '890010.00', 'C90000119', 'CK002', 'B90000364', 10, 'B90000363', 10, 'B90000365', 10, 30, '陳信安', '890010.00', '890010.00', 0, ''),
(125, '2019-02-22', '14:25:35', '890010.00', 'C90000120', 'CK002', 'B90000367', 10, 'B90000366', 10, 'B90000368', 10, 30, '陳信安', '890010.00', '890010.00', 0, ''),
(126, '2019-02-22', '14:36:31', '890010.00', 'C90000121', 'CK002', 'B90000370', 10, 'B90000372', 10, 'B90000373', 10, 30, '陳信安', '890010.00', '890010.00', 0, ''),
(127, '2019-02-22', '14:54:05', '890010.00', 'C90000122', 'CK002', 'B90000374', 10, 'B90000375', 10, 'B90000369', 10, 30, '陳信安', '890010.00', '890010.00', 0, ''),
(128, '2019-02-22', '15:36:27', '890010.00', 'C90000123', 'CK002', 'B90000376', 10, 'B90000371', 10, 'B90000378', 10, 30, '陳信安', '890010.00', '890010.00', 0, ''),
(129, '2019-02-22', '15:49:39', '890010.00', 'C90000124', 'CK002', 'B90000379', 10, 'B90000377', 10, 'B90000381', 10, 30, '陳信安', '890010.00', '890010.00', 0, ''),
(130, '2019-02-22', '16:09:25', '890010.00', 'C90000125', 'CK002', 'B90000384', 10, 'B90000380', 10, 'B90000382', 10, 30, '陳信安', '890010.00', '890010.00', 0, ''),
(131, '2019-02-22', '16:10:41', '890010.00', 'C90000126', 'CK002', 'B90000385', 10, 'B90000387', 10, 'B90000390', 10, 30, '陳信安', '890010.00', '890010.00', 0, ''),
(132, '2019-02-22', '16:12:03', '890010.00', 'C90000127', 'CK002', 'B90000393', 10, 'B90000383', 10, 'B90000386', 10, 30, '陳信安', '890010.00', '890010.00', 0, ''),
(133, '2019-02-22', '16:13:01', '890010.00', 'C90000128', 'CK002', 'B90000389', 10, 'B90000392', 10, 'B90000388', 10, 30, '陳信安', '890010.00', '890010.00', 0, ''),
(134, '2019-02-22', '16:15:29', '890010.00', 'C90000129', 'CK002', 'B90000391', 10, 'B90000396', 10, 'B90000395', 10, 30, '陳信安', '890010.00', '890010.00', 0, ''),
(135, '2019-02-22', '16:22:19', '890010.00', 'C90000130', 'CK002', 'B90000394', 10, 'B90000399', 10, 'B90000398', 10, 30, '陳信安', '890010.00', '890010.00', 0, ''),
(136, '2019-02-22', '16:31:55', '890010.00', 'C90000131', 'CK002', 'B90000397', 10, 'B90000402', 10, 'B90000401', 10, 30, '陳信安', '890010.00', '890010.00', 0, ''),
(137, '2019-02-22', '16:55:34', '890010.00', 'C90000132', 'CK002', 'B90000400', 10, 'B90000403', 10, 'B90000404', 10, 30, '陳信安', '890010.00', '890010.00', 0, ''),
(138, '2019-02-22', '18:51:34', '890010.00', 'C90000133', 'CK002', 'B90000406', 10, 'B90000405', 10, 'B90000407', 10, 30, '陳信安', '890010.00', '890010.00', 0, ''),
(139, '2019-02-23', '10:00:57', '890010.00', 'C90000134', 'CK002', 'B90000409', 10, 'B90000408', 10, 'B90000415', 10, 30, '陳信安', '890010.00', '890010.00', 0, ''),
(140, '2019-02-23', '10:09:17', '890010.00', 'C90000135', 'CK002', 'B90000416', 10, 'B90000417', 10, 'B90000418', 10, 30, '陳信安', '890010.00', '890010.00', 0, ''),
(141, '2019-02-23', '10:18:59', '890010.00', 'C90000136', 'CK002', 'B90000419', 10, 'B90000420', 10, 'B90000421', 10, 30, '陳信安', '890010.00', '890010.00', 0, ''),
(142, '2019-02-23', '10:52:17', '890010.00', 'C90000137', 'CK002', 'B90000422', 10, 'B90000423', 10, 'B90000424', 10, 30, '陳信安', '890010.00', '890010.00', 0, ''),
(143, '2019-02-23', '11:02:28', '890010.00', 'C90000138', 'CK002', 'B90000425', 10, 'B90000426', 10, 'B90000427', 10, 30, '陳信安', '890010.00', '890010.00', 0, ''),
(144, '2019-02-23', '11:13:57', '890010.00', 'C90000139', 'CK002', 'B90000428', 10, 'B90000429', 10, 'B90000430', 10, 30, '陳信安', '890010.00', '890010.00', 1, ''),
(145, '2019-02-23', '13:20:40', '890010.00', 'C90000140', 'CK002', 'B90000431', 10, 'B90000432', 10, 'B90000433', 10, 30, '陳信安', '890010.00', '890010.00', 1, ''),
(146, '2019-02-23', '13:24:28', '890010.00', 'C90000141', 'DP002', 'B90000414', 10, 'B90000411', 10, 'B90000410', 10, 30, '陳信安', '890010.00', '890010.00', 0, ''),
(147, '2019-02-23', '13:28:19', '890010.00', 'C90000142', 'CK002', 'B90000434', 10, 'B90000437', 10, 'B90000436', 10, 30, '陳信安', '890010.00', '890010.00', 1, ''),
(148, '2019-02-23', '13:31:19', '890010.00', 'C90000143', 'CK002', 'B90000438', 10, 'B90000435', 10, 'B90000440', 10, 30, '陳信安', '890010.00', '890010.00', 0, ''),
(149, '2019-02-23', '13:33:34', '890010.00', 'C90000144', 'CK002', 'B90000441', 10, 'B90000439', 10, 'B90000443', 10, 30, '陳信安', '890010.00', '890010.00', 0, ''),
(155, '2019-02-28', '11:53:21', '890010.00', 'C90000145', 'CK002', 'B90000442', 10, 'B90000444', 10, '', 0, 20, '林彥亨', '890010.00', '890010.00', 1, ''),
(156, '2019-02-28', '15:59:20', '890008.00', 'C90000146', 'CK002', 'B90000449', 10, 'B90000448', 10, 'B90000447', 10, 30, '黃煜青', '890008.00', '890008.00', 0, ''),
(157, '2019-02-28', '16:13:02', '890008.00', 'C90000147', 'CK002', 'B90000453', 10, 'B90000450', 10, 'B90000452', 10, 30, '黃煜青', '890008.00', '890008.00', 0, ''),
(158, '2019-02-28', '16:28:44', '890008.00', 'C90000148', 'CK002', 'B90000454', 10, 'B90000455', 10, 'B90000456', 10, 30, '黃煜青', '890008.00', '890008.00', 0, ''),
(159, '2019-02-28', '16:32:18', '890008.00', 'C90000149', 'CK002', 'B90000459', 10, 'B90000458', 10, 'B90000457', 10, 30, '黃煜青', '890008.00', '890008.00', 0, ''),
(160, '2019-02-28', '16:41:18', '890008.00', 'C90000150', 'CK002', 'B90000462', 10, 'B90000461', 10, 'B90000460', 10, 30, '黃煜青', '890008.00', '890008.00', 0, ''),
(161, '2019-02-28', '16:51:25', '890008.00', 'C90000151', 'CK002', 'B90000466', 10, 'B90000465', 10, 'B90000464', 10, 30, '黃煜青', '890008.00', '890008.00', 0, ''),
(162, '2019-02-28', '17:15:46', '890008.00', 'C90000152', 'CK002', 'B90000471', 10, 'B90000470', 10, 'B90000467', 10, 30, '黃煜青', '890008.00', '890008.00', 0, ''),
(163, '2019-02-28', '17:21:26', '890008.00', 'C90000153', 'CK002', 'B90000474', 10, 'B90000473', 10, 'B90000472', 10, 30, '黃煜青', '890008.00', '890008.00', 0, ''),
(164, '2019-02-28', '17:37:56', '890008.00', 'C90000154', 'DP002', 'B90000469', 10, 'B90000463', 10, 'B90000468', 10, 30, '黃煜青', '890008.00', '890008.00', 0, ''),
(165, '2019-02-28', '18:59:04', '890008.00', 'C90000155', 'CK002', 'B90000477', 10, 'B90000476', 10, 'B90000475', 10, 30, '黃煜青', '890008.00', '890008.00', 0, ''),
(166, '2019-02-28', '19:03:22', '890008.00', 'C90000156', 'CK002', 'B90000493', 10, 'B90000486', 10, 'B90000488', 10, 30, '黃煜青', '890008.00', '890008.00', 0, ''),
(167, '2019-02-28', '19:12:30', '890008.00', 'C90000157', 'CK002', 'B90000483', 10, 'B90000482', 10, 'B90000498', 10, 30, '黃煜青', '890008.00', '890008.00', 0, ''),
(168, '2019-02-28', '19:24:12', '890008.00', 'C90000158', 'CK002', 'B90000497', 10, 'B90000499', 10, 'B90000501', 10, 30, '黃煜青', '890008.00', '890008.00', 0, ''),
(169, '2019-03-01', '08:27:59', '890008.00', 'C90000159', 'CK002', 'B90000500', 10, 'B90000496', 10, 'B90000495', 10, 30, '王政文', '890008.00', '890008.00', 0, ''),
(170, '2019-03-01', '08:29:26', '890008.00', 'C90000160', 'CK002', 'B90000508', 10, 'B90000503', 10, 'B90000502', 10, 30, '王政文', '890008.00', '890008.00', 0, ''),
(171, '2019-03-01', '08:31:19', '890008.00', 'C90000161', 'CK002', 'B90000504', 10, 'B90000505', 10, 'B90000491', 10, 30, '王政文', '890008.00', '890008.00', 0, ''),
(172, '2019-03-01', '08:32:38', '890008.00', 'C90000162', 'CK002', 'B90000479', 10, 'B90000478', 10, 'B90000480', 10, 30, '王政文', '890008.00', '890008.00', 0, ''),
(173, '2019-03-01', '08:35:57', '890008.00', 'C90000163', 'DP002', 'B90000507', 10, 'B90000506', 10, 'B90000451', 10, 30, '王政文', '890008.00', '890008.00', 0, ''),
(174, '2019-03-01', '08:37:19', '890008.00', 'C90000164', 'CK002', 'B90000481', 10, 'B90000484', 10, 'B90000485', 10, 30, '王政文', '890008.00', '890008.00', 0, ''),
(175, '2019-03-01', '08:39:15', '890008.00', 'C90000165', 'CK002', 'B90000487', 10, 'B90000489', 10, 'B90000490', 10, 30, '王政文', '890008.00', '890008.00', 0, ''),
(176, '2019-03-01', '08:45:28', '890008.00', 'C90000166', 'CK002', 'B90000510', 10, 'B90000509', 10, 'B90000492', 10, 30, '王政文', '890008.00', '890008.00', 0, ''),
(177, '2019-03-01', '08:55:48', '890008.00', 'C90000167', 'CK002', 'B90000513', 10, 'B90000512', 10, 'B90000511', 10, 30, '王政文', '890008.00', '890008.00', 0, ''),
(178, '2019-03-01', '09:03:12', '890008.00', 'C90000168', 'CK002', 'B90000515', 10, 'B90000514', 10, 'B90000516', 10, 30, '王政文', '890008.00', '890008.00', 0, ''),
(179, '2019-03-01', '09:12:10', '890008.00', 'C90000169', 'CK002', 'B90000520', 10, 'B90000518', 10, 'B90000517', 10, 30, '王政文', '890008.00', '890008.00', 0, ''),
(180, '2019-03-01', '09:18:34', '890008.00', 'C90000170', 'CK002', 'B90000523', 10, 'B90000522', 10, 'B90000521', 10, 30, '王政文', '890008.00', '890008.00', 0, ''),
(181, '2019-03-01', '09:31:40', '890008.00', 'C90000171', 'CK002', 'B90000526', 10, 'B90000525', 10, 'B90000524', 10, 30, '王政文', '890008.00', '890008.00', 0, ''),
(182, '2019-03-01', '09:41:20', '890008.00', 'C90000172', 'CK002', 'B90000528', 10, 'B90000527', 10, 'B90000529', 10, 30, '王政文', '890008.00', '890008.00', 0, ''),
(183, '2019-03-01', '09:44:45', '890008.00', 'C90000173', 'CK002', 'B90000530', 10, 'B90000531', 10, 'B90000532', 10, 30, '王政文', '890008.00', '890008.00', 0, ''),
(184, '2019-03-01', '09:50:01', '890008.00', 'C90000174', 'CK002', 'B90000533', 10, 'B90000534', 10, 'B90000535', 10, 30, '王政文', '890008.00', '890008.00', 0, ''),
(185, '2019-03-01', '09:53:55', '890008.00', 'C90000175', 'CK002', 'B90000536', 10, 'B90000537', 10, 'B90000538', 10, 30, '王政文', '890008.00', '890008.00', 0, ''),
(186, '2019-03-01', '09:55:31', '890008.00', 'C90000176', 'CK002', 'B90000539', 10, 'B90000540', 10, 'B90000541', 10, 30, '王政文', '890008.00', '890008.00', 0, ''),
(187, '2019-03-01', '09:58:06', '890008.00', 'C90000177', 'CK002', 'B90000542', 10, 'B90000543', 10, 'B90000544', 10, 30, '王政文', '890008.00', '890008.00', 0, ''),
(188, '2019-03-01', '10:02:08', '890008.00', 'C90000178', 'CK002', 'B90000545', 10, 'B90000546', 10, 'B90000547', 10, 30, '王政文', '890008.00', '890008.00', 0, ''),
(189, '2019-03-01', '10:07:48', '890008.00', 'C90000179', 'CK002', 'B90000548', 10, 'B90000549', 10, 'B90000550', 10, 30, '王政文', '890008.00', '890008.00', 0, ''),
(190, '2019-03-01', '10:14:30', '890008.00', 'C90000180', 'CK002', 'B90000551', 10, 'B90000552', 10, 'B90000553', 10, 30, '王政文', '890008.00', '890008.00', 0, ''),
(191, '2019-03-01', '10:19:06', '890008.00', 'C90000181', 'CK002', 'B90000554', 10, 'B90000555', 10, 'B90000556', 10, 30, '王政文', '890008.00', '890008.00', 0, ''),
(192, '2019-03-01', '10:27:48', '890008.00', 'C90000182', 'CK002', 'B90000557', 10, 'B90000558', 10, 'B90000559', 10, 30, '王政文', '890008.00', '890008.00', 0, ''),
(193, '2019-03-01', '10:31:57', '890008.00', 'C90000183', 'CK002', 'B90000560', 10, 'B90000561', 10, 'B90000562', 10, 30, '王政文', '890008.00', '890008.00', 0, ''),
(194, '2019-03-01', '10:46:34', '890008.00', 'C90000184', 'CK002', 'B90000563', 10, 'B90000564', 10, 'B90000565', 10, 30, '王政文', '890008.00', '890008.00', 0, ''),
(195, '2019-03-01', '10:51:08', '890008.00', 'C90000185', 'CK002', 'B90000566', 10, 'B90000567', 10, 'B90000568', 10, 30, '王政文', '890008.00', '890008.00', 0, ''),
(196, '2019-03-01', '10:58:58', '890008.00', 'C90000186', 'CK002', 'B90000569', 10, 'B90000570', 10, 'B90000571', 10, 30, '王政文', '890008.00', '890008.00', 0, ''),
(197, '2019-03-01', '11:03:36', '890008.00', 'C90000187', 'CK002', 'B90000572', 10, 'B90000573', 10, 'B90000574', 10, 30, '王政文', '890008.00', '890008.00', 0, ''),
(198, '2019-03-01', '11:20:00', '890008.00', 'C90000188', 'CK002', 'B90000576', 10, 'B90000577', 10, 'B90000578', 10, 30, '王政文', '890008.00', '890008.00', 0, ''),
(199, '2019-03-01', '11:27:37', '890008.00', 'C90000189', 'CK002', 'B90000579', 10, 'B90000580', 10, 'B90000581', 10, 30, '王政文', '890008.00', '890008.00', 0, ''),
(200, '2019-03-01', '11:32:30', '890008.00', 'C90000190', 'CK002', 'B90000582', 10, 'B90000583', 10, 'B90000584', 10, 30, '王政文', '890008.00', '890008.00', 0, ''),
(201, '2019-03-01', '11:38:36', '890008.00', 'C90000191', 'CK002', 'B90000585', 10, 'B90000586', 10, 'B90000587', 10, 30, '王政文', '890008.00', '890008.00', 0, ''),
(202, '2019-03-01', '11:42:48', '890008.00', 'C90000192', 'CK002', 'B90000588', 10, 'B90000589', 10, 'B90000590', 10, 30, '王政文', '890008.00', '890008.00', 0, ''),
(203, '2019-03-01', '11:49:32', '890008.00', 'C90000193', 'CK002', 'B90000591', 10, 'B90000592', 10, 'B90000593', 10, 30, '王政文', '890008.00', '890008.00', 0, ''),
(204, '2019-03-01', '11:55:00', '890008.00', 'C90000194', 'CK002', 'B90000594', 10, 'B90000595', 10, 'B90000596', 10, 30, '王政文', '890008.00', '890008.00', 0, ''),
(205, '2019-03-01', '11:59:25', '890008.00', 'C90000195', 'CK002', 'B90000597', 10, 'B90000598', 10, 'B90000599', 10, 30, '王政文', '890008.00', '890008.00', 0, ''),
(206, '2019-03-01', '12:03:37', '890008.00', 'C90000196', 'CK002', 'B90000600', 10, 'B90000601', 10, 'B90000602', 10, 30, '王政文', '890008.00', '890008.00', 0, ''),
(207, '2019-03-01', '12:07:09', '890008.00', 'C90000197', 'CK002', 'B90000603', 10, 'B90000604', 10, 'B90000605', 10, 30, '王政文', '890008.00', '890008.00', 0, ''),
(208, '2019-03-01', '12:11:40', '890008.00', 'C90000198', 'CK002', 'B90000606', 10, 'B90000607', 10, 'B90000608', 10, 30, '王政文', '890008.00', '890008.00', 0, ''),
(209, '2019-03-01', '12:15:34', '890008.00', 'C90000199', 'CK002', 'B90000609', 10, 'B90000610', 10, 'B90000611', 10, 30, '王政文', '890008.00', '890008.00', 0, ''),
(210, '2019-03-01', '12:20:39', '890008.00', 'C90000200', 'CK002', 'B90000612', 10, 'B90000613', 10, 'B90000614', 10, 30, '王政文', '890008.00', '890008.00', 0, ''),
(211, '2019-03-01', '12:25:59', '890008.00', 'C90000201', 'CK002', 'B90000615', 10, 'B90000616', 10, 'B90000617', 10, 30, '王政文', '890008.00', '890008.00', 0, ''),
(212, '2019-03-01', '12:34:17', '890008.00', 'C90000202', 'CK002', 'B90000618', 10, 'B90000619', 10, 'B90000620', 10, 30, '王政文', '890008.00', '890008.00', 0, ''),
(213, '2019-03-01', '12:41:47', '890008.00', 'C90000203', 'CK002', 'B90000621', 10, 'B90000622', 10, 'B90000624', 10, 30, '王政文', '890008.00', '890008.00', 0, ''),
(214, '2019-03-01', '12:47:21', '890008.00', 'C90000204', 'CK002', 'B90000623', 10, 'B90000625', 10, 'B90000626', 10, 30, '王政文', '890008.00', '890008.00', 0, ''),
(215, '2019-03-01', '12:53:18', '890008.00', 'C90000205', 'CK002', 'B90000627', 10, 'B90000628', 10, 'B90000629', 10, 30, '王政文', '890008.00', '890008.00', 0, ''),
(216, '2019-03-01', '12:59:19', '890008.00', 'C90000206', 'CK002', 'B90000630', 10, 'B90000631', 10, 'B90000632', 10, 30, '王政文', '890008.00', '890008.00', 0, ''),
(217, '2019-03-01', '13:06:46', '890008.00', 'C90000207', 'CK002', 'B90000633', 10, 'B90000634', 10, 'B90000635', 10, 30, '王政文', '890008.00', '890008.00', 0, ''),
(218, '2019-03-01', '13:13:48', '890008.00', 'C90000208', 'CK002', 'B90000636', 10, 'B90000637', 10, 'B90000638', 10, 30, '王政文', '890008.00', '890008.00', 0, ''),
(219, '2019-03-01', '13:23:11', '890008.00', 'C90000209', 'CK002', 'B90000639', 10, 'B90000640', 10, 'B90000641', 10, 30, '王政文', '890008.00', '890008.00', 0, ''),
(220, '2019-03-01', '13:27:45', '890008.00', 'C90000210', 'DP002', 'B90000519', 10, 'B90000575', 10, 'B90000643', 10, 30, '王政文', '890008.00', '890008.00', 0, ''),
(221, '2019-03-01', '13:35:57', '890008.00', 'C90000211', 'CK002', 'B90000642', 10, 'B90000644', 10, 'B90000645', 10, 30, '王政文', '890008.00', '890008.00', 0, ''),
(222, '2019-03-01', '13:41:50', '890008.00', 'C90000212', 'CK002', 'B90000646', 10, 'B90000648', 10, 'B90000649', 10, 30, '王政文', '890008.00', '890008.00', 0, ''),
(223, '2019-03-01', '13:48:11', '890008.00', 'C90000213', 'CK002', 'B90000650', 10, 'B90000651', 10, 'B90000652', 10, 30, '王政文', '890008.00', '890008.00', 0, ''),
(224, '2019-03-01', '13:50:43', '890008.00', 'C90000214', 'CK002', 'B90000653', 10, 'B90000654', 10, 'B90000655', 10, 30, '王政文', '890008.00', '890008.00', 0, ''),
(225, '2019-03-01', '13:58:32', '890008.00', 'C90000215', 'CK002', 'B90000656', 10, 'B90000657', 10, 'B90000658', 10, 30, '王政文', '890008.00', '890008.00', 0, ''),
(226, '2019-03-01', '14:01:40', '890008.00', 'C90000216', 'CK002', 'B90000659', 10, 'B90000660', 10, 'B90000661', 10, 30, '王政文', '890008.00', '890008.00', 0, ''),
(227, '2019-03-01', '14:06:18', '890008.00', 'C90000217', 'CK002', 'B90000662', 10, 'B90000663', 10, 'B90000664', 10, 30, '王政文', '890008.00', '890008.00', 0, ''),
(228, '2019-03-01', '14:13:28', '890008.00', 'C90000218', 'CK002', 'B90000665', 10, 'B90000666', 10, 'B90000667', 10, 30, '王政文', '890008.00', '890008.00', 0, ''),
(229, '2019-03-01', '14:19:17', '890008.00', 'C90000219', 'CK002', 'B90000668', 10, 'B90000669', 10, 'B90000670', 10, 30, '王政文', '890008.00', '890008.00', 0, ''),
(230, '2019-03-01', '14:23:14', '890008.00', 'C90000220', 'CK002', 'B90000671', 10, 'B90000672', 10, 'B90000673', 10, 30, '王政文', '890008.00', '890008.00', 0, ''),
(231, '2019-03-01', '14:30:18', '890008.00', 'C90000221', 'CK002', 'B90000674', 10, 'B90000675', 10, 'B90000676', 10, 30, '王政文', '890008.00', '890008.00', 0, ''),
(232, '2019-03-01', '14:34:30', '890008.00', 'C90000222', 'CK002', 'B90000677', 10, 'B90000678', 10, 'B90000679', 10, 30, '王政文', '890008.00', '890008.00', 0, ''),
(233, '2019-03-01', '14:46:55', '890008.00', 'C90000223', 'CK002', 'B90000680', 10, 'B90000682', 10, 'B90000683', 10, 30, '王政文', '890008.00', '890008.00', 0, ''),
(234, '2019-03-01', '14:48:33', '890008.00', 'C90000224', 'CK002', 'B90000681', 10, 'B90000684', 10, 'B90000686', 10, 30, '王政文', '890008.00', '890008.00', 0, ''),
(235, '2019-03-01', '14:50:19', '890008.00', 'C90000225', 'CK002', 'B90000687', 10, 'B90000688', 10, 'B90000689', 10, 30, '王政文', '890008.00', '890008.00', 0, ''),
(236, '2019-03-01', '14:52:45', '890008.00', 'C90000226', 'CK002', 'B90000690', 10, 'B90000691', 10, 'B90000692', 10, 30, '王政文', '890008.00', '890008.00', 1, ''),
(237, '2019-03-01', '14:54:45', '890008.00', 'C90000227', 'CK002', 'B90000693', 10, 'B90000694', 10, 'B90000695', 10, 30, '王政文', '890008.00', '890008.00', 1, ''),
(238, '2019-03-01', '14:58:35', '890008.00', 'C90000228', 'CK002', 'B90000696', 10, 'B90000697', 10, '', 0, 20, '王政文', '890008.00', '', 1, 'B90000696、 B90000697 共20kg'),
(239, '2019-03-01', '15:03:48', '890008.00', 'C90000229', 'DP002', 'B90000685', 10, 'B90000647', 10, 'B90000700', 10, 30, '王政文', '890008.00', '890008.00', 0, ''),
(240, '2019-03-02', '09:56:31', '890008.00', 'C90000230', 'CK002', 'B90000702', 10, 'B90000701', 10, 'B90000699', 10, 30, '郭弦恆', '890008.00', '890008.00', 1, ''),
(241, '2019-03-03', '10:38:15', '890006.00', 'C90000231', 'CK002', 'B90000706', 10, 'B90000707', 10, 'B90000708', 10, 30, '陳柏諭', '890006.00', '890006.00', 0, ''),
(242, '2019-03-03', '10:43:08', '890006.00', 'C90000232', 'CK002', 'B90000709', 10, 'B90000710', 10, 'B90000711', 10, 30, '陳柏諭', '890006.00', '890006.00', 0, ''),
(243, '2019-03-03', '10:49:20', '890006.00', 'C90000233', 'CK002', 'B90000712', 10, 'B90000713', 10, 'B90000714', 10, 30, '陳柏諭', '890006.00', '890006.00', 0, ''),
(244, '2019-03-03', '11:01:01', '890006.00', 'C90000234', 'CK002', 'B90000719', 10, 'B90000716', 10, 'B90000715', 10, 30, '鄔佳珍', '890006.00', '890006.00', 0, ''),
(245, '2019-03-03', '11:08:46', '890006.00', 'C90000235', 'CK002', 'B90000720', 10, 'B90000722', 10, 'B90000723', 10, 30, '鄔佳珍', '890006.00', '890006.00', 0, ''),
(246, '2019-03-03', '11:14:04', '890006.00', 'C90000236', 'CK002', 'B90000724', 10, 'B90000725', 10, 'B90000726', 10, 30, '鄔佳珍', '890006.00', '890006.00', 0, ''),
(247, '2019-03-03', '11:23:54', '890006.00', 'C90000237', 'CK002', 'B90000727', 10, 'B90000728', 10, 'B90000730', 10, 30, '鄔佳珍', '890006.00', '890006.00', 0, ''),
(248, '2019-03-03', '12:46:54', '890006.00', 'C90000238', 'CK002', 'B90000731', 10, 'B90000732', 10, 'B90000733', 10, 30, '王婉柔', '890006.00', '890006.00', 0, ''),
(249, '2019-03-03', '12:58:15', '890006.00', 'C90000239', 'CK002', 'B90000734', 10, 'B90000735', 10, 'B90000736', 10, 30, '王婉柔', '890006.00', '890006.00', 0, ''),
(250, '2019-03-03', '13:21:14', '890006.00', 'C90000240', 'CK002', 'B90000752', 10, 'B90000750', 10, 'B90000749', 10, 30, '王婉柔', '890006.00', '890006.00', 0, ''),
(251, '2019-03-03', '13:24:41', '890006.00', 'C90000241', 'CK002', 'B90000748', 10, 'B90000739', 10, 'B90000740', 10, 30, '王婉柔', '890006.00', '890006.00', 0, ''),
(252, '2019-03-03', '13:26:56', '890006.00', 'C90000242', 'CK002', 'B90000741', 10, 'B90000753', 10, 'B90000751', 10, 30, '王婉柔', '890006.00', '890006.00', 0, ''),
(253, '2019-03-03', '13:30:17', '890006.00', 'C90000243', 'CK002', 'B90000737', 10, 'B90000738', 10, 'B90000755', 10, 30, '王婉柔', '890006.00', '890006.00', 0, ''),
(254, '2019-03-03', '13:34:26', '890006.00', 'C90000244', 'CK002', 'B90000756', 10, 'B90000757', 10, 'B90000758', 10, 30, '王婉柔', '890006.00', '890006.00', 0, ''),
(255, '2019-03-03', '13:53:17', '890006.00', 'C90000245', 'CK002', 'B90000759', 10, 'B90000760', 10, 'B90000765', 10, 30, '王婉柔', '890006.00', '890006.00', 0, ''),
(256, '2019-03-03', '13:57:18', '890006.00', 'C90000246', 'CK002', 'B90000766', 10, 'B90000761', 10, 'B90000762', 10, 30, '王婉柔', '890006.00', '890006.00', 0, ''),
(257, '2019-03-03', '14:01:33', '890006.00', 'C90000247', 'CK002', 'B90000764', 10, 'B90000763', 10, 'B90000767', 10, 30, '王婉柔', '890006.00', '890006.00', 0, ''),
(258, '2019-03-03', '14:03:10', '890006.00', 'C90000248', 'CK002', 'B90000770', 10, 'B90000768', 10, 'B90000771', 10, 30, '王婉柔', '890006.00', '890006.00', 0, ''),
(259, '2019-03-03', '14:06:36', '890006.00', 'C90000249', 'DP002', 'B90000744', 10, 'B90000746', 10, 'B90000747', 10, 30, '王婉柔', '890006.00', '890006.00', 0, ''),
(260, '2019-03-03', '14:09:19', '890006.00', 'C90000250', 'DP002', 'B90000745', 10, 'B90000769', 10, 'B90000754', 10, 30, '王婉柔', '890006.00', '890006.00', 0, ''),
(261, '2019-03-03', '14:15:34', '890006.00', 'C90000251', 'DP002', 'B90000772', 10, 'B90000717', 10, 'B90000718', 10, 30, '王婉柔', '890006.00', '890006.00', 0, ''),
(262, '2019-03-03', '14:18:26', '890006.00', 'C90000252', 'DP002', 'B90000742', 10, 'B90000729', 10, 'B90000721', 10, 30, '王婉柔', '890006.00', '890006.00', 0, ''),
(263, '2019-03-03', '14:20:50', '890006.00', 'C90000253', 'CK002', 'B90000778', 10, 'B90000777', 10, 'B90000776', 10, 30, '王婉柔', '890006.00', '890006.00', 0, ''),
(264, '2019-03-03', '14:23:15', '890006.00', 'C90000254', 'CK002', 'B90000775', 10, 'B90000773', 10, 'B90000774', 10, 30, '王婉柔', '890006.00', '890006.00', 0, ''),
(265, '2019-03-03', '14:26:10', '890006.00', 'C90000255', 'CK002', 'B90000779', 10, 'B90000780', 10, 'B90000781', 10, 30, '王婉柔', '890006.00', '890006.00', 0, ''),
(266, '2019-03-03', '14:31:19', '890006.00', 'C90000256', 'CK002', 'B90000782', 10, 'B90000783', 10, 'B90000784', 10, 30, '王婉柔', '890006.00', '890006.00', 0, ''),
(267, '2019-03-03', '14:39:28', '890006.00', 'C90000257', 'CK002', 'B90000785', 10, 'B90000786', 10, 'B90000787', 10, 30, '王婉柔', '890006.00', '890006.00', 0, ''),
(268, '2019-03-03', '14:43:24', '890006.00', 'C90000258', 'CK002', 'B90000789', 10, 'B90000790', 10, 'B90000791', 10, 30, '王婉柔', '890006.00', '890006.00', 0, ''),
(269, '2019-03-03', '14:49:29', '890006.00', 'C90000259', 'CK002', 'B90000792', 10, 'B90000793', 10, 'B90000794', 10, 30, '王婉柔', '890006.00', '890006.00', 0, ''),
(270, '2019-03-03', '15:04:51', '890006.00', 'C90000260', 'CK002', 'B90000795', 10, 'B90000796', 10, 'B90000798', 10, 30, '王婉柔', '890006.00', '890006.00', 0, ''),
(271, '2019-03-03', '15:47:10', '890006.00', 'C90000261', 'CK002', 'B90000799', 10, 'B90000800', 10, 'B90000801', 10, 30, '陳信安', '890006.00', '890006.00', 0, ''),
(272, '2019-03-03', '15:52:02', '890006.00', 'C90000262', 'CK002', 'B90000802', 10, 'B90000803', 10, 'B90000804', 10, 30, '陳信安', '890006.00', '890006.00', 0, ''),
(273, '2019-03-03', '15:57:44', '890006.00', 'C90000263', 'CK002', 'B90000805', 10, 'B90000806', 10, 'B90000808', 10, 30, '陳信安', '890006.00', '890006.00', 0, ''),
(274, '2019-03-03', '16:06:27', '890006.00', 'C90000264', 'CK002', 'B90000809', 10, 'B90000810', 10, 'B90000813', 10, 30, '陳信安', '890006.00', '890006.00', 0, ''),
(275, '2019-03-03', '16:13:33', '890006.00', 'C90000265', 'CK002', 'B90000814', 10, 'B90000815', 10, 'B90000816', 10, 30, '陳信安', '890006.00', '890006.00', 0, ''),
(276, '2019-03-03', '16:16:57', '890006.00', 'C90000266', 'CK002', 'B90000817', 10, 'B90000818', 10, 'B90000819', 10, 30, '陳信安', '890006.00', '890006.00', 0, ''),
(277, '2019-03-03', '16:21:54', '890006.00', 'C90000267', 'DP002', 'B90000822', 10, 'B90000812', 10, 'B90000823', 10, 30, '陳信安', '890006.00', '890006.00', 0, ''),
(278, '2019-03-03', '16:24:39', '890006.00', 'C90000268', 'DP002', 'B90000821', 10, 'B90000797', 10, 'B90000807', 10, 30, '陳信安', '890006.00', '890006.00', 0, ''),
(279, '2019-03-03', '16:27:20', '890006.00', 'C90000269', 'DP002', 'B90000811', 10, 'B90000743', 10, 'B90000788', 10, 30, '陳信安', '890006.00', '890006.00', 0, ''),
(280, '2019-03-03', '16:32:02', '890006.00', 'C90000270', 'CK002', 'B90000827', 10, 'B90000820', 10, 'B90000828', 10, 30, '陳信安', '890006.00', '890006.00', 0, ''),
(281, '2019-03-03', '16:36:59', '890006.00', 'C90000271', 'CK002', 'B90000826', 10, 'B90000829', 10, 'B90000830', 10, 30, '陳信安', '890006.00', '890006.00', 0, ''),
(282, '2019-03-03', '16:38:22', '890006.00', 'C90000272', 'CK002', 'B90000831', 10, 'B90000832', 10, 'B90000833', 10, 30, '陳信安', '890006.00', '890006.00', 0, ''),
(283, '2019-03-03', '16:43:51', '890006.00', 'C90000273', 'CK002', 'B90000834', 10, 'B90000835', 10, 'B90000836', 10, 30, '陳信安', '890006.00', '890006.00', 0, ''),
(284, '2019-03-03', '16:49:40', '890006.00', 'C90000274', 'CK002', 'B90000837', 10, 'B90000838', 10, 'B90000839', 10, 30, '陳信安', '890006.00', '890006.00', 0, ''),
(285, '2019-03-03', '18:17:17', '890006.00', 'C90000275', 'CK002', 'B90000840', 10, 'B90000841', 10, 'B90000842', 10, 30, '陳信安', '890006.00', '890006.00', 0, ''),
(286, '2019-03-03', '18:26:55', '890006.00', 'C90000276', 'CK002', 'B90000843', 10, 'B90000844', 10, 'B90000847', 10, 30, '陳信安', '890006.00', '890006.00', 0, ''),
(287, '2019-03-03', '18:31:55', '890006.00', 'C90000277', 'CK002', 'B90000848', 10, 'B90000849', 10, 'B90000850', 10, 30, '陳信安', '890006.00', '890006.00', 0, ''),
(288, '2019-03-03', '18:39:16', '890006.00', 'C90000278', 'CK002', 'B90000853', 10, 'B90000854', 10, 'B90000855', 10, 30, '陳信安', '890006.00', '890006.00', 0, ''),
(289, '2019-03-03', '18:41:12', '890006.00', 'C90000279', 'DP002', 'B90000845', 10, 'B90000846', 10, 'B90000852', 10, 30, '陳信安', '890006.00', '890006.00', 0, ''),
(290, '2019-03-03', '18:43:11', '890006.00', 'C90000280', 'DP002', 'B90000825', 10, 'B90000851', 10, 'B90000824', 10, 30, '陳信安', '890006.00', '890006.00', 0, ''),
(291, '2019-03-03', '18:47:46', '890006.00', 'C90000281', 'CK002', 'B90000856', 10, 'B90000857', 10, 'B90000858', 10, 30, '陳信安', '890006.00', '890006.00', 0, ''),
(292, '2019-03-03', '18:57:16', '890006.00', 'C90000282', 'CK002', 'B90000859', 10, 'B90000860', 10, 'B90000861', 10, 30, '陳信安', '890006.00', '890006.00', 0, ''),
(293, '2019-03-03', '19:07:51', '890006.00', 'C90000283', 'CK002', 'B90000862', 10, 'B90000863', 10, 'B90000864', 10, 30, '陳信安', '890006.00', '890006.00', 0, ''),
(294, '2019-03-03', '19:15:05', '890006.00', 'C90000284', 'CK002', 'B90000865', 10, 'B90000866', 10, 'B90000867', 10, 30, '陳信安', '890006.00', '890006.00', 0, ''),
(295, '2019-03-03', '19:25:30', '890006.00', 'C90000285', 'CK002', 'B90000868', 10, 'B90000869', 10, 'B90000871', 10, 30, '陳信安', '890006.00', '890006.00', 0, ''),
(296, '2019-03-03', '19:35:23', '890006.00', 'C90000286', 'CK002', 'B90000872', 10, 'B90000873', 10, 'B90000875', 10, 30, '陳信安', '890006.00', '890006.00', 0, ''),
(297, '2019-03-04', '08:44:37', '890006.00', 'C90000287', 'CK002', 'B90000876', 10, 'B90000877', 10, 'B90000879', 10, 30, '黃煜青', '890006.00', '890006.00', 0, ''),
(298, '2019-03-04', '08:49:40', '890006.00', 'C90000288', 'CK002', 'B90000882', 10, 'B90000881', 10, 'B90000880', 10, 30, '黃煜青', '890006.00', '890006.00', 0, ''),
(299, '2019-03-04', '08:54:53', '890006.00', 'C90000289', 'CK002', 'B90000884', 10, 'B90000878', 10, 'B90000883', 10, 30, '黃煜青', '890006.00', '890006.00', 0, ''),
(300, '2019-03-04', '08:57:37', '890006.00', 'C90000290', 'CK002', 'B90000886', 10, 'B90000885', 10, 'B90000888', 10, 30, '黃煜青', '890006.00', '890006.00', 0, ''),
(301, '2019-03-04', '09:00:27', '890006.00', 'C90000291', 'CK002', 'B90000887', 10, 'B90000889', 10, 'B90000892', 10, 30, '黃煜青', '890006.00', '890006.00', 0, ''),
(302, '2019-03-04', '09:03:45', '890006.00', 'C90000292', 'CK002', 'B90000893', 10, 'B90000890', 10, 'B90000895', 10, 30, '黃煜青', '890006.00', '890006.00', 0, ''),
(303, '2019-03-04', '09:06:35', '890006.00', 'C90000293', 'CK002', 'B90000894', 10, 'B90000896', 10, 'B90000897', 10, 30, '黃煜青', '890006.00', '890006.00', 0, ''),
(304, '2019-03-04', '09:09:33', '890006.00', 'C90000294', 'CK002', 'B90000899', 10, 'B90000900', 10, 'B90000898', 10, 30, '黃煜青', '890006.00', '890006.00', 0, ''),
(305, '2019-03-04', '09:13:29', '890006.00', 'C90000295', 'CK002', 'B90000902', 10, 'B90000901', 10, 'B90000903', 10, 30, '黃煜青', '890006.00', '890006.00', 0, ''),
(306, '2019-03-04', '09:15:55', '890006.00', 'C90000296', 'CK002', 'B90000904', 10, 'B90000905', 10, 'B90000907', 10, 30, '黃煜青', '890006.00', '890006.00', 0, ''),
(307, '2019-03-04', '09:18:06', '890006.00', 'C90000297', 'CK002', 'B90000906', 10, 'B90000909', 10, 'B90000908', 10, 30, '黃煜青', '890006.00', '890006.00', 0, ''),
(308, '2019-03-04', '09:21:23', '890006.00', 'C90000298', 'CK002', 'B90000910', 10, 'B90000912', 10, 'B90000911', 10, 30, '黃煜青', '890006.00', '890006.00', 0, ''),
(309, '2019-03-04', '09:23:27', '890006.00', 'C90000299', 'DP002', 'B90000891', 10, 'B90000870', 10, 'B90000874', 10, 30, '黃煜青', '890006.00', '890006.00', 0, ''),
(310, '2019-03-04', '09:27:35', '890006.00', 'C90000300', 'CK002', 'B90000913', 10, 'B90000914', 10, 'B90000915', 10, 30, '黃煜青', '890006.00', '890006.00', 0, ''),
(311, '2019-03-04', '09:33:26', '890006.00', 'C90000301', 'CK002', 'B90000916', 10, 'B90000918', 10, 'B90000917', 10, 30, '黃煜青', '890006.00', '890006.00', 0, ''),
(312, '2019-03-04', '09:35:47', '890006.00', 'C90000302', 'CK002', 'B90000920', 10, 'B90000919', 10, 'B90000921', 10, 30, '黃煜青', '890006.00', '890006.00', 0, ''),
(313, '2019-03-04', '09:41:00', '890006.00', 'C90000303', 'CK002', 'B90000923', 10, 'B90000924', 10, 'B90000925', 10, 30, '黃煜青', '890006.00', '890006.00', 0, ''),
(314, '2019-03-04', '09:46:46', '890006.00', 'C90000304', 'CK002', 'B90000927', 10, 'B90000928', 10, 'B90000930', 10, 30, '黃煜青', '890006.00', '890006.00', 0, ''),
(315, '2019-03-04', '09:49:03', '890006.00', 'C90000305', 'DP002', 'B90000922', 10, 'B90000926', 10, 'B90000929', 10, 30, '黃煜青', '890006.00', '890006.00', 0, ''),
(316, '2019-03-04', '09:54:39', '890006.00', 'C90000306', 'CK002', 'B90000931', 10, 'B90000932', 10, 'B90000934', 10, 30, '黃煜青', '890006.00', '890006.00', 0, ''),
(317, '2019-03-04', '09:59:09', '890006.00', 'C90000307', 'CK002', 'B90000933', 10, 'B90000935', 10, 'B90000937', 10, 30, '黃煜青', '890006.00', '890006.00', 0, ''),
(318, '2019-03-04', '10:05:42', '890006.00', 'C90000308', 'CK002', 'B90000938', 10, 'B90000939', 10, 'B90000940', 10, 30, '黃煜青', '890006.00', '890006.00', 0, ''),
(319, '2019-03-04', '10:11:34', '890006.00', 'C90000309', 'CK002', 'B90000942', 10, 'B90000943', 10, 'B90000944', 10, 30, '黃煜青', '890006.00', '890006.00', 0, ''),
(320, '2019-03-04', '10:18:36', '890006.00', 'C90000310', 'CK002', 'B90000945', 10, 'B90000946', 10, 'B90000947', 10, 30, '黃煜青', '890006.00', '890006.00', 0, '');
INSERT INTO `package_info` (`id`, `date1`, `time1`, `reactor_lot`, `box`, `product`, `lot1`, `weight1`, `lot2`, `weight2`, `lot3`, `weight3`, `total_weight`, `recorder`, `reactor_lot2`, `reactor_lot3`, `puller_use`, `memo`) VALUES
(321, '2019-03-04', '10:27:02', '890006.00', 'C90000311', 'DP002', 'B90000936', 10, 'B90000951', 10, 'B90000950', 10, 30, '黃煜青', '890006.00', '890006.00', 0, ''),
(322, '2019-03-04', '10:29:46', '890006.00', 'C90000312', 'CK002', 'B90000948', 10, 'B90000949', 10, 'B90000952', 10, 30, '黃煜青', '890006.00', '890006.00', 0, ''),
(323, '2019-03-04', '10:34:18', '890006.00', 'C90000313', 'CK002', 'B90000953', 10, 'B90000954', 10, 'B90000955', 10, 30, '黃煜青', '890006.00', '890006.00', 0, ''),
(324, '2019-03-04', '10:43:02', '890006.00', 'C90000314', 'CK002', 'B90000958', 10, 'B90000957', 10, 'B90000956', 10, 30, '黃煜青', '890006.00', '890006.00', 0, ''),
(325, '2019-03-04', '10:48:26', '890006.00', 'C90000315', 'CK002', 'B90000959', 10, 'B90000960', 10, 'B90000962', 10, 30, '黃煜青', '890006.00', '890006.00', 0, ''),
(326, '2019-03-04', '10:51:39', '890006.00', 'C90000316', 'CK002', 'B90000964', 10, 'B90000963', 10, 'B90000965', 10, 30, '黃煜青', '890006.00', '890006.00', 0, ''),
(327, '2019-03-04', '10:55:30', '890006.00', 'C90000317', 'CK002', 'B90000967', 10, 'B90000966', 10, 'B90000970', 10, 30, '黃煜青', '890006.00', '890006.00', 0, ''),
(328, '2019-03-04', '10:59:53', '890006.00', 'C90000318', 'DP002', 'B90000968', 10, 'B90000969', 10, 'B90000941', 10, 30, '黃煜青', '890006.00', '890006.00', 0, ''),
(329, '2019-03-04', '11:01:30', '890006.00', 'C90000319', 'CK002', 'B90000971', 10, 'B90000972', 10, 'B90000974', 10, 30, '黃煜青', '890006.00', '890006.00', 0, ''),
(330, '2019-03-04', '11:05:15', '890006.00', 'C90000320', 'DP002', 'B90000975', 10, 'B90000973', 10, 'B90000961', 10, 30, '黃煜青', '890006.00', '890006.00', 0, ''),
(331, '2019-03-04', '11:07:29', '890006.00', 'C90000321', 'CK002', 'B90000976', 10, 'B90000977', 10, 'B90000979', 10, 30, '黃煜青', '890006.00', '890006.00', 0, ''),
(332, '2019-03-04', '11:11:38', '890006.00', 'C90000322', 'CK002', 'B90000980', 10, 'B90000982', 10, 'B90000983', 10, 30, '黃煜青', '890006.00', '890006.00', 0, ''),
(333, '2019-03-04', '11:13:58', '890006.00', 'C90000323', 'DP002', 'B90000984', 10, 'B90000981', 10, 'B90000978', 10, 30, '黃煜青', '890006.00', '890006.00', 0, ''),
(334, '2019-03-04', '11:16:22', '890006.00', 'C90000324', 'CK002', 'B90000988', 10, 'B90000986', 10, 'B90000985', 10, 30, '黃煜青', '890006.00', '890006.00', 0, ''),
(335, '2019-03-04', '11:21:15', '890006.00', 'C90000325', 'CK002', 'B90000989', 10, 'B90000991', 10, 'B90000992', 10, 30, '黃煜青', '890006.00', '890006.00', 0, ''),
(336, '2019-03-04', '11:25:23', '890006.00', 'C90000326', 'CK002', 'B90000993', 10, 'B90000995', 10, 'B90000994', 10, 30, '黃煜青', '890006.00', '890006.00', 0, ''),
(337, '2019-03-04', '11:28:06', '890006.00', 'C90000327', 'CK002', 'B90000997', 10, 'B90000998', 10, 'B90000996', 10, 30, '黃煜青', '890006.00', '890006.00', 0, ''),
(338, '2019-03-04', '11:30:45', '890006.00', 'C90000328', 'CK002', 'B90000999', 10, 'B90001001', 10, 'B90001002', 10, 30, '黃煜青', '890006.00', '890006.00', 0, ''),
(339, '2019-03-04', '11:34:35', '890006.00', 'C90000329', 'CK002', 'B90001003', 10, 'B90001004', 10, 'B90001005', 10, 30, '黃煜青', '890006.00', '890006.00', 0, ''),
(340, '2019-03-04', '11:38:51', '890006.00', 'C90000330', 'CK002', 'B90001007', 10, 'B90001006', 10, 'B90001000', 10, 30, '黃煜青', '890006.00', '890006.00', 0, ''),
(341, '2019-03-04', '11:43:13', '890006.00', 'C90000331', 'CK002', 'B90001010', 10, 'B90001009', 10, 'B90001008', 10, 30, '黃煜青', '890006.00', '890006.00', 0, ''),
(342, '2019-03-04', '11:49:34', '890006.00', 'C90000332', 'CK002', 'B90001013', 10, 'B90001012', 10, 'B90001011', 10, 30, '黃煜青', '890006.00', '890006.00', 0, ''),
(343, '2019-03-04', '11:55:22', '890006.00', 'C90000333', 'CK002', 'B90001016', 10, 'B90001015', 10, 'B90001014', 10, 30, '黃煜青', '890006.00', '890006.00', 0, ''),
(344, '2019-03-04', '12:03:54', '890006.00', 'C90000334', 'CK002', 'B90001020', 10, 'B90001019', 10, 'B90001017', 10, 30, '黃煜青', '890006.00', '890006.00', 0, ''),
(345, '2019-03-04', '12:07:48', '890006.00', 'C90000335', 'DP002', 'B90001021', 10, 'B90000990', 10, 'B90000987', 10, 30, '黃煜青', '890006.00', '890006.00', 0, ''),
(346, '2019-03-04', '12:09:45', '890006.00', 'C90000336', 'CK002', 'B90001024', 10, 'B90001023', 10, 'B90001018', 10, 30, '黃煜青', '890006.00', '890006.00', 0, ''),
(347, '2019-03-04', '12:12:59', '890006.00', 'C90000337', 'CK002', 'B90001027', 10, 'B90001022', 10, 'B90001025', 10, 30, '黃煜青', '890006.00', '890006.00', 0, ''),
(348, '2019-03-04', '12:18:45', '890006.00', 'C90000338', 'CK002', 'B90001026', 10, 'B90001028', 10, 'B90001030', 10, 30, '黃煜青', '890006.00', '890006.00', 0, ''),
(349, '2019-03-04', '12:23:57', '890006.00', 'C90000339', 'CK002', 'B90001033', 10, 'B90001032', 10, 'B90001031', 10, 30, '黃煜青', '890006.00', '890006.00', 0, ''),
(350, '2019-03-04', '12:26:54', '890006.00', 'C90000340', 'CK002', 'B90001037', 10, 'B90001035', 10, 'B90001034', 10, 30, '黃煜青', '890006.00', '890006.00', 0, ''),
(351, '2019-03-04', '12:31:08', '890006.00', 'C90000341', 'CK002', 'B90001036', 10, 'B90001038', 10, 'B90001039', 10, 30, '黃煜青', '890006.00', '890006.00', 0, ''),
(352, '2019-03-04', '12:47:49', '890006.00', 'C90000342', 'CK002', 'B90001040', 10, 'B90001041', 10, 'B90001043', 10, 30, '黃煜青', '890006.00', '890006.00', 0, ''),
(353, '2019-03-04', '12:55:55', '890006.00', 'C90000343', 'CK002', 'B90001044', 10, 'B90001045', 10, 'B90001046', 10, 30, '黃煜青', '890006.00', '890006.00', 0, ''),
(354, '2019-03-04', '13:01:52', '890006.00', 'C90000344', 'CK002', 'B90001047', 10, 'B90001048', 10, 'B90001049', 10, 30, '黃煜青', '890006.00', '890006.00', 0, ''),
(355, '2019-03-04', '13:07:34', '890006.00', 'C90000345', 'DP002', 'B90001051', 10, 'B90001042', 10, 'B90001029', 10, 30, '黃煜青', '890006.00', '890006.00', 0, ''),
(356, '2019-03-04', '13:10:24', '890006.00', 'C90000346', 'CK002', 'B90001050', 10, 'B90001052', 10, 'B90001053', 10, 30, '黃煜青', '890006.00', '890006.00', 0, ''),
(357, '2019-03-04', '13:13:58', '890006.00', 'C90000347', 'CK002', 'B90001054', 10, 'B90001055', 10, 'B90001056', 10, 30, '黃煜青', '890006.00', '890006.00', 0, ''),
(358, '2019-03-04', '13:38:24', '890006.00', 'C90000348', 'CP003', 'B90001059', 10, 'B90001060', 10, 'B90001061', 10, 30, '黃煜青', '890006.00', '890006.00', 0, ''),
(363, '2019-03-06', '18:07:52', '890009.00', 'C90000349', 'CK002', 'B90001065', 10, 'B90001066', 10, 'B90001067', 10, 30, '鄔佳珍', '890009.00', '890009.00', 0, NULL),
(364, '2019-03-06', '18:11:14', '890009.00', 'C90000350', 'CK002', 'B90001068', 10, 'B90001069', 10, 'B90001070', 10, 30, '鄔佳珍', '890009.00', '890009.00', 0, NULL),
(365, '2019-03-06', '18:25:03', '890005.00', 'C90000351', 'DP002', 'B90001089', 10, 'B90001088', 10, 'B90001087', 10, 30, '鄔佳珍', '890005.00', '890005.00', 0, NULL),
(366, '2019-03-06', '18:26:48', '890005.00', 'C90000352', 'DP002', 'B90001086', 10, 'B90001085', 10, 'B90001084', 10, 30, '鄔佳珍', '890005.00', '890005.00', 0, NULL),
(367, '2019-03-06', '18:28:20', '890005.00', 'C90000353', 'DP002', 'B90001083', 10, 'B90001090', 10, 'B90001093', 10, 30, '鄔佳珍', '890005.00', '890005.00', 0, NULL),
(368, '2019-03-06', '18:31:59', '890005.00', 'C90000354', 'DP002', 'B90001091', 10, 'B90001092', 10, 'B90001082', 10, 30, '鄔佳珍', '890005.00', '890005.00', 0, NULL),
(369, '2019-03-06', '18:33:55', '890005.00', 'C90000355', 'DP002', 'B90001081', 10, 'B90001094', 10, 'B90001080', 10, 30, '鄔佳珍', '890005.00', '890005.00', 0, NULL),
(370, '2019-03-06', '18:35:38', '890005.00', 'C90000356', 'DP002', 'B90001095', 10, 'B90001079', 10, 'B90001078', 10, 30, '鄔佳珍', '890005.00', '890005.00', 0, NULL),
(371, '2019-03-06', '18:37:27', '890005.00', 'C90000357', 'DP002', 'B90001077', 10, 'B90001076', 10, 'B90001096', 10, 30, '鄔佳珍', '890005.00', '890005.00', 0, NULL),
(372, '2019-03-06', '18:41:04', '890005.00', 'C90000358', 'DP002', 'B90001097', 10, 'B90001098', 10, 'B90001099', 10, 30, '鄔佳珍', '890005.00', '890005.00', 0, NULL),
(373, '2019-03-06', '18:43:57', '890005.00', 'C90000359', 'DP002', 'B90001075', 10, 'B90001074', 10, 'B90001073', 10, 30, '鄔佳珍', '890005.00', '890005.00', 0, NULL),
(374, '2019-03-06', '18:48:45', '890005.00', 'C90000360', 'DP002', 'B90001100', 10, 'B90001101', 10, 'B90001102', 10, 30, '鄔佳珍', '890005.00', '890005.00', 0, NULL),
(375, '2019-03-06', '18:51:04', '890005.00', 'C90000361', 'DP002', 'B90001103', 10, 'B90001104', 10, 'B90001105', 10, 30, '鄔佳珍', '890005.00', '890005.00', 0, NULL),
(376, '2019-03-06', '18:53:34', '890005.00', 'C90000362', 'DP002', 'B90001106', 10, 'B90001107', 10, 'B90001108', 10, 30, '鄔佳珍', '890005.00', '890005.00', 0, NULL),
(377, '2019-03-06', '18:57:49', '890005.00', 'C90000363', 'DP002', 'B90001109', 10, 'B90001110', 10, 'B90001111', 10, 30, '鄔佳珍', '890005.00', '890005.00', 0, NULL),
(378, '2019-03-06', '19:01:36', '890005.00', 'C90000364', 'DP002', 'B90001112', 10, 'B90001113', 10, 'B90001114', 10, 30, '鄔佳珍', '890005.00', '890005.00', 0, NULL),
(379, '2019-03-06', '19:05:27', '890005.00', 'C90000365', 'DP002', 'B90001115', 10, 'B90001116', 10, 'B90001117', 10, 30, '鄔佳珍', '890005.00', '890005.00', 0, NULL),
(380, '2019-03-06', '19:09:44', '890005.00', 'C90000366', 'DP002', 'B90001118', 10, 'B90001119', 10, 'B90001120', 10, 30, '鄔佳珍', '890005.00', '890005.00', 0, NULL),
(381, '2019-03-06', '19:13:31', '890005.00', 'C90000367', 'DP002', 'B90001121', 10, 'B90001122', 10, 'B90001123', 10, 30, '鄔佳珍', '890005.00', '890005.00', 0, NULL),
(382, '2019-03-06', '19:16:31', '890005.00', 'C90000368', 'DP002', 'B90001124', 10, 'B90001125', 10, 'B90001126', 10, 30, '鄔佳珍', '890005.00', '890005.00', 0, NULL),
(383, '2019-03-06', '19:21:21', '890005.00', 'C90000369', 'DP002', 'B90001127', 10, 'B90001128', 10, 'B90001129', 10, 30, '鄔佳珍', '890005.00', '890005.00', 0, NULL),
(384, '2019-03-06', '19:25:43', '890005.00', 'C90000370', 'DP002', 'B90001130', 10, 'B90001131', 10, 'B90001132', 10, 30, '鄔佳珍', '890005.00', '890005.00', 0, NULL),
(385, '2019-03-06', '19:28:41', '890005.00', 'C90000371', 'DP002', 'B90001133', 10, 'B90001134', 10, 'B90001135', 10, 30, '鄔佳珍', '890005.00', '890005.00', 0, NULL),
(386, '2019-03-06', '19:31:28', '890005.00', 'C90000372', 'DP002', 'B90001136', 10, 'B90001137', 10, 'B90001138', 10, 30, '鄔佳珍', '890005.00', '890005.00', 0, NULL),
(387, '2019-03-06', '19:35:27', '890005.00', 'C90000373', 'DP002', 'B90001139', 10, 'B90001140', 10, 'B90001141', 10, 30, '鄔佳珍', '890005.00', '890005.00', 0, NULL),
(388, '2019-03-06', '19:38:43', '890005.00', 'C90000374', 'DP002', 'B90001142', 10, 'B90001143', 10, 'B90001144', 10, 30, '鄔佳珍', '890005.00', '890005.00', 0, NULL),
(389, '2019-03-06', '19:41:11', '890005.00', 'C90000375', 'DP002', 'B90001145', 10, 'B90001146', 10, 'B90001147', 10, 30, '鄔佳珍', '890005.00', '890005.00', 0, NULL),
(390, '2019-03-06', '19:43:35', '890005.00', 'C90000376', 'DP002', 'B90001149', 10, 'B90001150', 10, 'B90001151', 10, 30, '鄔佳珍', '890005.00', '890005.00', 0, NULL),
(391, '2019-03-06', '19:46:11', '890005.00', 'C90000377', 'DP002', 'B90001152', 10, 'B90001153', 10, 'B90001154', 10, 30, '鄔佳珍', '890005.00', '890005.00', 0, NULL),
(392, '2019-03-06', '19:48:17', '890005.00', 'C90000378', 'DP002', 'B90001155', 10, 'B90001157', 10, 'B90001156', 10, 30, '鄔佳珍', '890005.00', '890005.00', 0, NULL),
(393, '2019-03-06', '19:49:45', '890005.00', 'C90000379', 'DP002', 'B90001158', 10, 'B90001148', 10, 'B90001159', 10, 30, '鄔佳珍', '890005.00', '890005.00', 0, NULL),
(394, '2019-03-07', '08:15:51', '890005.00', 'C90000380', 'DP002', 'B90001160', 10, 'B90001161', 10, 'B90001162', 10, 30, '鄔佳珍', '890005.00', '890005.00', 0, NULL),
(395, '2019-03-07', '08:19:06', '890005.00', 'C90000381', 'DP002', 'B90001163', 10, 'B90001164', 10, 'B90001165', 10, 30, '鄔佳珍', '890005.00', '890005.00', 0, NULL),
(396, '2019-03-07', '09:37:05', '890005.00', 'C90000382', 'DP002', 'B90001166', 10, 'B90001168', 10, 'B90001169', 10, 30, '鄔佳珍', '890005.00', '890005.00', 0, NULL),
(397, '2019-03-07', '09:42:13', '890005.00', 'C90000383', 'DP002', 'B90001167', 10, 'B90001171', 10, 'B90001172', 10, 30, '鄔佳珍', '890005.00', '890005.00', 0, NULL),
(398, '2019-03-07', '09:47:24', '890005.00', 'C90000384', 'CK002', 'B90001170', 10, 'B90001173', 10, 'B90001174', 10, 30, '鄔佳珍', '890005.00', '890005.00', 0, NULL),
(399, '2019-03-07', '09:50:48', '890005.00', 'C90000385', 'CK002', 'B90001176', 10, 'B90001175', 10, 'B90001177', 10, 30, '鄔佳珍', '890005.00', '890005.00', 0, NULL),
(400, '2019-03-07', '14:02:02', '890005.00', 'C90000386', 'DP002', 'B90001178', 10, 'B90001179', 10, 'B90001180', 10, 30, '陳信安', '890005.00', '890005.00', 0, NULL),
(401, '2019-03-07', '14:05:03', '890005.00', 'C90000387', 'DP002', 'B90001181', 10, 'B90001182', 10, 'B90001183', 10, 30, '陳信安', '890005.00', '890005.00', 0, NULL),
(402, '2019-03-07', '14:08:23', '890005.00', 'C90000388', 'DP002', 'B90001184', 10, 'B90001185', 10, 'B90001186', 10, 30, '陳信安', '890005.00', '890005.00', 0, NULL),
(403, '2019-03-07', '14:11:58', '890005.00', 'C90000389', 'DP002', 'B90001187', 10, 'B90001188', 10, 'B90001189', 10, 30, '陳信安', '890005.00', '890005.00', 0, NULL),
(404, '2019-03-07', '14:16:56', '890005.00', 'C90000390', 'DP002', 'B90001190', 10, 'B90001191', 10, 'B90001193', 10, 30, '陳信安', '890005.00', '890005.00', 0, NULL),
(405, '2019-03-07', '14:21:38', '890005.00', 'C90000391', 'DP002', 'B90001194', 10, 'B90001195', 10, 'B90001196', 10, 30, '陳信安', '890005.00', '890005.00', 0, NULL),
(406, '2019-03-07', '14:32:30', '890005.00', 'C90000392', 'DP002', 'B90001197', 10, 'B90001198', 10, 'B90001200', 10, 30, '陳信安', '890005.00', '890005.00', 0, NULL),
(407, '2019-03-07', '14:44:22', '890005.00', 'C90000393', 'DP002', 'B90001201', 10, 'B90001202', 10, 'B90001204', 10, 30, '陳信安', '890005.00', '890005.00', 0, NULL),
(408, '2019-03-07', '14:46:03', '890005.00', 'C90000394', 'CK002', 'B90001203', 10, 'B90001192', 10, 'B90001199', 10, 30, '陳信安', '890005.00', '890005.00', 0, NULL),
(409, '2019-03-07', '14:53:59', '890005.00', 'C90000395', 'CK002', 'B90001206', 10, 'B90001205', 10, 'B90001207', 10, 30, '陳信安', '890005.00', '890005.00', 0, NULL),
(410, '2019-03-07', '15:00:23', '890005.00', 'C90000396', 'CK002', 'B90001210', 10, 'B90001209', 10, 'B90001211', 10, 30, '陳信安', '890005.00', '890005.00', 0, NULL),
(411, '2019-03-07', '15:38:45', '890005.00', 'C90000397', 'CK002', 'B90001213', 10, 'B90001212', 10, 'B90001214', 10, 30, '陳信安', '890005.00', '890005.00', 0, NULL),
(412, '2019-03-07', '15:46:42', '890005.00', 'C90000398', 'CK002', 'B90001215', 10, 'B90001216', 10, 'B90001217', 10, 30, '陳信安', '890005.00', '890005.00', 0, NULL),
(413, '2019-03-07', '15:56:26', '890005.00', 'C90000399', 'CK002', 'B90001220', 10, 'B90001221', 10, 'B90001222', 10, 30, '陳信安', '890005.00', '890005.00', 0, NULL),
(414, '2019-03-07', '15:59:43', '890005.00', 'C90000400', 'DP002', 'B90001218', 10, 'B90001208', 10, 'B90001219', 10, 30, '陳信安', '890005.00', '890005.00', 0, NULL),
(415, '2019-03-07', '16:01:37', '890005.00', 'C90000401', 'CK002', 'B90001224', 10, 'B90001223', 10, 'B90001225', 10, 30, '陳信安', '890005.00', '890005.00', 0, NULL),
(416, '2019-03-07', '16:11:03', '890005.00', 'C90000402', 'CK002', 'B90001227', 10, 'B90001226', 10, 'B90001228', 10, 30, '陳信安', '890005.00', '890005.00', 0, NULL),
(417, '2019-03-07', '16:17:30', '890005.00', 'C90000403', 'CK002', 'B90001229', 10, 'B90001230', 10, 'B90001231', 10, 30, '陳信安', '890005.00', '890005.00', 0, NULL),
(418, '2019-03-07', '16:41:55', '890005.00', 'C90000404', 'CK002', 'B90001232', 10, 'B90001233', 10, 'B90001234', 10, 30, '陳信安', '890005.00', '890005.00', 0, NULL),
(419, '2019-03-07', '16:43:44', '890005.00', 'C90000405', 'DP002', 'B90001235', 10, 'B90001236', 10, 'B90001237', 10, 30, '陳信安', '890005.00', '890005.00', 0, NULL),
(420, '2019-03-07', '18:14:15', '890005.00', 'C90000406', 'DP002', 'B90001239', 10, 'B90001238', 10, 'B90001240', 10, 30, '陳信安', '890005.00', '890005.00', 0, NULL),
(421, '2019-03-07', '18:25:56', '890005.00', 'C90000407', 'DP002', 'B90001242', 10, 'B90001243', 10, 'B90001244', 10, 30, '陳信安', '890005.00', '890005.00', 0, NULL),
(422, '2019-03-07', '18:28:04', '890005.00', 'C90000408', 'DP002', 'B90001245', 10, 'B90001246', 10, 'B90001247', 10, 30, '陳信安', '890005.00', '890005.00', 0, NULL),
(423, '2019-03-07', '18:37:07', '890005.00', 'C90000409', 'DP002', 'B90001248', 10, 'B90001249', 10, 'B90001250', 10, 30, '陳信安', '890005.00', '890005.00', 0, NULL),
(424, '2019-03-07', '18:47:37', '890005.00', 'C90000410', 'CK002', 'B90001241', 10, 'B90001251', 10, 'B90001252', 10, 30, '陳信安', '890005.00', '890005.00', 0, NULL),
(425, '2019-03-07', '18:58:42', '890005.00', 'C90000411', 'CK002', 'B90001255', 10, 'B90001253', 10, 'B90001256', 10, 30, '陳信安', '890005.00', '890005.00', 0, NULL),
(426, '2019-03-07', '19:08:51', '890005.00', 'C90000412', 'CK002', 'B90001260', 10, 'B90001259', 10, 'B90001261', 10, 30, '陳信安', '890005.00', '890005.00', 0, NULL),
(427, '2019-03-07', '19:10:56', '890005.00', 'C90000413', 'DP002', 'B90001257', 10, 'B90001254', 10, 'B90001258', 10, 30, '陳信安', '890005.00', '890005.00', 0, NULL),
(428, '2019-03-07', '19:18:19', '890005.00', 'C90000414', 'DP002', 'B90001265', 10, 'B90001264', 10, 'B90001266', 10, 30, '陳信安', '890005.00', '890005.00', 0, NULL),
(429, '2019-03-07', '19:23:15', '890005.00', 'C90000415', 'CK002', 'B90001263', 10, 'B90001262', 10, 'B90001267', 10, 30, '陳信安', '890005.00', '890005.00', 0, NULL),
(430, '2019-03-08', '09:53:11', '890005.00', 'C90000416', 'CK002', 'B90001269', 10, 'B90001270', 10, 'B90001271', 10, 30, '黃煜青', '890005.00', '890005.00', 0, NULL),
(431, '2019-03-08', '09:55:58', '890005.00', 'C90000417', 'DP002', 'B90001268', 10, 'B90001274', 10, 'B90001273', 10, 30, '黃煜青', '890005.00', '890005.00', 0, NULL),
(432, '2019-03-08', '09:59:41', '890005.00', 'C90000418', 'CK002', 'B90001272', 10, 'B90001275', 10, 'B90001276', 10, 30, '黃煜青', '890005.00', '890005.00', 0, NULL),
(433, '2019-03-08', '10:15:38', '890005.00', 'C90000419', 'CK002', 'B90001277', 10, 'B90001281', 10, 'B90001282', 10, 30, '黃煜青', '890005.00', '890005.00', 0, NULL),
(434, '2019-03-08', '10:24:25', '890005.00', 'C90000420', 'CK002', 'B90001283', 10, 'B90001284', 10, 'B90001285', 10, 30, '黃煜青', '890005.00', '890005.00', 0, NULL),
(435, '2019-03-08', '10:28:28', '890005.00', 'C90000421', 'DP002', 'B90001280', 10, 'B90001279', 10, 'B90001278', 10, 30, '黃煜青', '890005.00', '890005.00', 0, NULL),
(436, '2019-03-08', '10:47:08', '890005.00', 'C90000422', 'DP002', 'B90001286', 10, 'B90001287', 10, 'B90001288', 10, 30, '黃煜青', '890005.00', '890005.00', 0, NULL),
(437, '2019-03-08', '10:54:21', '890005.00', 'C90000423', 'CK002', 'B90001290', 10, 'B90001291', 10, 'B90001292', 10, 30, '黃煜青', '890005.00', '890005.00', 0, NULL),
(438, '2019-03-08', '11:03:16', '890005.00', 'C90000424', 'DP002', 'B90001293', 10, 'B90001294', 10, 'B90001289', 10, 30, '黃煜青', '890005.00', '890005.00', 0, NULL),
(439, '2019-03-08', '11:14:07', '890005.00', 'C90000425', 'CK002', 'B90001298', 10, 'B90001297', 10, 'B90001296', 10, 30, '黃煜青', '890005.00', '890005.00', 0, NULL),
(440, '2019-03-08', '11:21:53', '890005.00', 'C90000426', 'DP002', 'B90001295', 10, 'B90001301', 10, 'B90001302', 10, 30, '黃煜青', '890005.00', '890005.00', 0, NULL),
(441, '2019-03-08', '11:52:11', '890005.00', 'C90000427', 'DP002', 'B90001308', 10, 'B90001304', 10, 'B90001303', 10, 30, '黃煜青', '890005.00', '890005.00', 0, NULL),
(442, '2019-03-08', '11:54:00', '890005.00', 'C90000428', 'DP002', 'B90001307', 10, 'B90001305', 10, 'B90001306', 10, 30, '黃煜青', '890005.00', '890005.00', 0, NULL),
(443, '2019-03-08', '11:55:56', '890005.00', 'C90000429', 'CK002', 'B90001299', 10, 'B90001300', 10, 'B90001309', 10, 30, '黃煜青', '890005.00', '890005.00', 0, NULL),
(444, '2019-03-08', '11:58:23', '890005.00', 'C90000430', 'CK002', 'B90001310', 10, 'B90001311', 10, 'B90001312', 10, 30, '黃煜青', '890005.00', '890005.00', 0, NULL),
(445, '2019-03-08', '12:11:02', '890005.00', 'C90000431', 'CK002', 'B90001314', 10, 'B90001315', 10, 'B90001313', 10, 30, '黃煜青', '890005.00', '890005.00', 0, NULL),
(446, '2019-03-08', '12:40:32', '890005.00', 'C90000432', 'DP002', 'B90001320', 10, 'B90001318', 10, 'B90001319', 10, 30, '黃煜青', '890005.00', '890005.00', 0, NULL),
(447, '2019-03-08', '12:53:21', '890005.00', 'C90000433', 'DP002', 'B90001323', 10, 'B90001321', 10, 'B90001322', 10, 30, '黃煜青', '890005.00', '890005.00', 0, NULL),
(448, '2019-03-08', '13:12:47', '890005.00', 'C90000434', 'DP002', 'B90001324', 10, 'B90001325', 10, 'B90001326', 10, 30, '黃煜青', '890005.00', '890005.00', 0, NULL),
(449, '2019-03-08', '13:26:11', '890005.00', 'C90000435', 'DP002', 'B90001329', 10, 'B90001327', 10, 'B90001328', 10, 30, '黃煜青', '890005.00', '890005.00', 0, NULL),
(450, '2019-03-08', '13:46:09', '890005.00', 'C90000436', 'DP002', 'B90001332', 10, 'B90001331', 10, 'B90001330', 10, 30, '黃煜青', '890005.00', '890005.00', 0, NULL),
(451, '2019-03-08', '13:51:31', '890005.00', 'C90000437', 'DP002', 'B90001334', 10, 'B90001333', 10, 'B90001335', 10, 30, '黃煜青', '890005.00', '890005.00', 0, NULL),
(452, '2019-03-08', '13:58:12', '890005.00', 'C90000438', 'DP002', 'B90001338', 10, 'B90001336', 10, 'B90001339', 10, 30, '黃煜青', '890005.00', '890005.00', 0, NULL),
(453, '2019-03-08', '13:59:34', '890005.00', 'C90000439', 'DP002', 'B90001337', 10, 'B90001340', 10, 'B90001341', 10, 30, '黃煜青', '890005.00', '890005.00', 0, NULL),
(454, '2019-03-08', '14:12:15', '890005.00', 'C90000440', 'CK002', 'B90001316', 10, 'B90001317', 10, 'B90001347', 10, 30, '黃煜青', '890005.00', '890005.00', 0, NULL),
(455, '2019-03-08', '14:12:32', '890005.00', 'C90000441', 'CK002', 'B90001344', 10, 'B90001345', 10, 'B90001346', 10, 30, '黃煜青', '890005.00', '890005.00', 0, NULL),
(456, '2019-03-08', '14:15:33', '890005.00', 'C90000442', 'CK002', 'B90001343', 10, 'B90001348', 10, 'B90001349', 10, 30, '黃煜青', '890005.00', '890005.00', 0, NULL),
(457, '2019-03-08', '14:19:14', '890005.00', 'C90000443', 'CK002', 'B90001350', 10, 'B90001351', 10, 'B90001352', 10, 30, '黃煜青', '890005.00', '890005.00', 0, NULL),
(458, '2019-03-08', '14:24:44', '890005.00', 'C90000444', 'CK002', 'B90001353', 10, 'B90001354', 10, 'B90001355', 10, 30, '黃煜青', '890005.00', '890005.00', 0, NULL),
(459, '2019-03-08', '14:31:07', '890005.00', 'C90000445', 'CK002', 'B90001356', 10, 'B90001357', 10, 'B90001359', 10, 30, '黃煜青', '890005.00', '890005.00', 0, NULL),
(460, '2019-03-08', '14:33:58', '890005.00', 'C90000446', 'CK002', 'B90001358', 10, 'B90001360', 10, 'B90001361', 10, 30, '黃煜青', '890005.00', '890005.00', 0, NULL),
(461, '2019-03-08', '14:37:18', '890005.00', 'C90000447', 'DP002', 'B90001363', 10, 'B90001362', 10, 'B90001342', 10, 30, '黃煜青', '890005.00', '890005.00', 0, NULL),
(462, '2019-03-08', '14:42:50', '890005.00', 'C90000448', 'DP002', 'B90001364', 10, 'B90001365', 10, 'B90001366', 10, 30, '黃煜青', '890005.00', '890005.00', 0, NULL),
(463, '2019-03-08', '14:48:56', '890005.00', 'C90000449', 'DP002', 'B90001367', 10, 'B90001368', 10, 'B90001369', 10, 30, '黃煜青', '890005.00', '890005.00', 0, NULL),
(464, '2019-03-08', '14:54:53', '890005.00', 'C90000450', 'DP002', 'B90001370', 10, 'B90001371', 10, 'B90001372', 10, 30, '黃煜青', '890005.00', '890005.00', 0, NULL),
(465, '2019-03-08', '15:00:14', '890005.00', 'C90000451', 'DP002', 'B90001373', 10, 'B90001374', 10, 'B90001375', 10, 30, '黃煜青', '890005.00', '890005.00', 0, NULL),
(466, '2019-03-08', '15:06:47', '890005.00', 'C90000452', 'DP002', 'B90001376', 10, 'B90001377', 10, 'B90001378', 10, 30, '黃煜青', '890005.00', '890005.00', 0, NULL),
(467, '2019-03-08', '15:10:19', '890005.00', 'C90000453', 'CK002', 'B90001379', 10, 'B90001380', 10, 'B90001381', 10, 30, '黃煜青', '890005.00', '890005.00', 0, NULL),
(468, '2019-03-08', '15:14:54', '890005.00', 'C90000454', 'CK002', 'B90001384', 10, 'B90001383', 10, 'B90001382', 10, 30, '黃煜青', '890005.00', '890005.00', 0, NULL),
(469, '2019-03-08', '15:28:09', '890005.00', 'C90000455', 'CK002', 'B90001387', 10, 'B90001386', 10, 'B90001385', 10, 30, '黃煜青', '890005.00', '890005.00', 0, NULL),
(470, '2019-03-08', '15:48:36', '890005.00', 'C90000456', 'DP002', 'B90001392', 10, 'B90001391', 10, 'B90001390', 10, 30, '黃煜青', '890005.00', '890005.00', 0, NULL),
(471, '2019-03-08', '15:51:18', '890005.00', 'C90000457', 'DP002', 'B90001395', 10, 'B90001394', 10, 'B90001393', 10, 30, '黃煜青', '890005.00', '890005.00', 0, NULL),
(472, '2019-03-08', '15:55:20', '890005.00', 'C90000458', 'DP002', 'B90001398', 10, 'B90001397', 10, 'B90001396', 10, 30, '黃煜青', '890005.00', '890005.00', 0, NULL),
(473, '2019-03-08', '16:00:58', '890005.00', 'C90000459', 'DP002', 'B90001401', 10, 'B90001400', 10, 'B90001399', 10, 30, '黃煜青', '890005.00', '890005.00', 0, NULL),
(474, '2019-03-08', '16:05:06', '890005.00', 'C90000460', 'DP002', 'B90001402', 10, 'B90001403', 10, 'B90001404', 10, 30, '黃煜青', '890005.00', '890005.00', 0, NULL),
(475, '2019-03-08', '16:09:21', '890005.00', 'C90000461', 'CK002', 'B90001406', 10, 'B90001389', 10, 'B90001388', 10, 30, '黃煜青', '890005.00', '890005.00', 0, NULL),
(476, '2019-03-08', '16:22:03', '890005.00', 'C90000462', 'CK002', 'B90001410', 10, 'B90001409', 10, 'B90001408', 10, 30, '黃煜青', '890005.00', '890005.00', 0, NULL),
(477, '2019-03-08', '16:28:51', '890005.00', 'C90000463', 'CK002', 'B90001411', 10, 'B90001412', 10, 'B90001413', 10, 30, '黃煜青', '890005.00', '890005.00', 0, NULL),
(478, '2019-03-08', '17:03:16', '890005.00', 'C90000464', 'CK002', 'B90001416', 10, 'B90001415', 10, 'B90001417', 10, 30, '黃煜青', '890005.00', '890005.00', 0, NULL),
(479, '2019-03-08', '17:05:20', '890005.00', 'C90000465', 'CK002', 'B90001414', 10, 'B90001419', 10, 'B90001418', 10, 30, '黃煜青', '890005.00', '890005.00', 0, NULL),
(480, '2019-03-08', '17:06:41', '890005.00', 'C90000466', 'CK002', 'B90001420', 10, 'B90001422', 10, 'B90001421', 10, 30, '黃煜青', '890005.00', '890005.00', 0, NULL),
(481, '2019-03-08', '17:08:05', '890005.00', 'C90000467', 'CK002', 'B90001423', 10, 'B90001424', 10, 'B90001426', 10, 30, '黃煜青', '890005.00', '890005.00', 0, NULL),
(482, '2019-03-08', '17:10:05', '890005.00', 'C90000468', 'CK002', 'B90001425', 10, 'B90001427', 10, 'B90001429', 10, 30, '黃煜青', '890005.00', '890005.00', 0, NULL),
(483, '2019-03-08', '17:12:58', '890005.00', 'C90000469', 'DP002', 'B90001405', 10, 'B90001407', 10, 'B90001433', 10, 30, '黃煜青', '890005.00', '890005.00', 0, NULL),
(484, '2019-03-08', '17:14:16', '890005.00', 'C90000470', 'DP002', 'B90001432', 10, 'B90001434', 10, 'B90001435', 10, 30, '黃煜青', '890005.00', '890005.00', 0, NULL),
(485, '2019-03-08', '17:15:57', '890005.00', 'C90000471', 'CK002', 'B90001431', 10, 'B90001430', 10, 'B90001428', 10, 30, '黃煜青', '890005.00', '890005.00', 0, NULL),
(486, '2019-03-08', '17:18:15', '890005.00', 'C90000472', 'DP002', 'B90001437', 10, 'B90001438', 10, 'B90001439', 10, 30, '黃煜青', '890005.00', '890005.00', 0, NULL),
(487, '2019-03-08', '17:19:01', '890005.00', 'C90000473', 'CK002', 'B90001436', 10, 'B90001440', 10, 'B90001442', 10, 30, '黃煜青', '890005.00', '890005.00', 0, NULL),
(488, '2019-03-08', '17:20:40', '890005.00', 'C90000474', 'DP002', 'B90001441', 10, 'B90001444', 10, 'B90001445', 10, 30, '黃煜青', '890005.00', '890005.00', 0, NULL),
(489, '2019-03-08', '17:24:23', '890005.00', 'C90000475', 'CK002', 'B90001443', 10, 'B90001447', 10, 'B90001450', 10, 30, '黃煜青', '890005.00', '890005.00', 0, NULL),
(490, '2019-03-08', '17:25:06', '890005.00', 'C90000476', 'DP002', 'B90001451', 10, 'B90001449', 10, 'B90001446', 10, 30, '黃煜青', '890005.00', '890005.00', 0, NULL),
(491, '2019-03-08', '17:39:30', '890005.00', 'C90000477', 'CP003', 'B90001455', 10, 'B90001454', 10, 'B90001456', 10, 30, '黃煜青', '890005.00', '890005.00', 0, NULL),
(492, '2019-03-08', '17:43:46', '890005.00', 'C90000478', 'CP003', 'B90001457', 10, 'B90001458', 10, 'B90001459', 10, 30, '黃煜青', '890005.00', '890005.00', 0, NULL),
(493, '2019-03-09', '11:11:40', '890004.00', 'C90000479', 'CK002', 'B90001463', 10, 'B90001462', 10, 'B90001461', 10, 30, '劉錫慶', '890004.00', '890004.00', 0, NULL),
(494, '2019-03-09', '11:20:50', '890004.00', 'C90000480', 'CK002', 'B90001466', 10, 'B90001465', 10, 'B90001464', 10, 30, '劉錫慶', '890004.00', '890004.00', 0, NULL),
(495, '2019-03-09', '11:33:18', '890004.00', 'C90000481', 'CK002', 'B90001470', 10, 'B90001469', 10, 'B90001468', 10, 30, '劉錫慶', '890004.00', '890004.00', 0, NULL),
(496, '2019-03-09', '11:49:33', '890004.00', 'C90000482', 'CK002', 'B90001473', 10, 'B90001472', 10, 'B90001471', 10, 30, '劉錫慶', '890004.00', '890004.00', 0, NULL),
(497, '2019-03-09', '11:53:39', '890004.00', 'C90000483', 'CK002', 'B90001476', 10, 'B90001475', 10, 'B90001474', 10, 30, '劉錫慶', '890004.00', '890004.00', 0, NULL),
(498, '2019-03-09', '12:02:08', '890004.00', 'C90000484', 'CK002', 'B90001477', 10, 'B90001478', 10, 'B90001479', 10, 30, '劉錫慶', '890004.00', '890004.00', 0, NULL),
(499, '2019-03-09', '12:20:15', '890004.00', 'C90000485', 'CK002', 'B90001480', 10, 'B90001481', 10, 'B90001482', 10, 30, '劉錫慶', '890004.00', '890004.00', 0, NULL),
(500, '2019-03-09', '12:38:04', '890004.00', 'C90000486', 'CK002', 'B90001467', 10, 'B90001484', 10, 'B90001483', 10, 30, '劉錫慶', '890004.00', '890004.00', 0, NULL),
(501, '2019-03-09', '12:47:08', '890004.00', 'C90000487', 'CK002', 'B90001487', 10, 'B90001486', 10, 'B90001485', 10, 30, '劉錫慶', '890004.00', '890004.00', 0, NULL),
(502, '2019-03-09', '12:57:43', '890004.00', 'C90000488', 'CK002', 'B90001490', 10, 'B90001489', 10, 'B90001488', 10, 30, '劉錫慶', '890004.00', '890004.00', 0, NULL),
(503, '2019-03-09', '13:02:29', '890004.00', 'C90000489', 'CK002', 'B90001493', 10, 'B90001492', 10, 'B90001491', 10, 30, '劉錫慶', '890004.00', '890004.00', 0, NULL),
(504, '2019-03-09', '13:07:45', '890004.00', 'C90000490', 'CK002', 'B90001496', 10, 'B90001495', 10, 'B90001494', 10, 30, '劉錫慶', '890004.00', '890004.00', 0, NULL),
(505, '2019-03-09', '13:12:31', '890004.00', 'C90000491', 'CK002', 'B90001499', 10, 'B90001498', 10, 'B90001497', 10, 30, '劉錫慶', '890004.00', '890004.00', 0, NULL),
(506, '2019-03-09', '13:17:57', '890004.00', 'C90000492', 'CK002', 'B90001502', 10, 'B90001501', 10, 'B90001500', 10, 30, '劉錫慶', '890004.00', '890004.00', 0, NULL),
(507, '2019-03-09', '13:26:10', '890004.00', 'C90000493', 'CK002', 'B90001505', 10, 'B90001504', 10, 'B90001503', 10, 30, '劉錫慶', '890004.00', '890004.00', 0, NULL),
(508, '2019-03-09', '13:32:08', '890004.00', 'C90000494', 'CK002', 'B90001508', 10, 'B90001507', 10, 'B90001506', 10, 30, '劉錫慶', '890004.00', '890004.00', 0, NULL),
(509, '2019-03-09', '13:40:07', '890004.00', 'C90000495', 'CK002', 'B90001511', 10, 'B90001510', 10, 'B90001509', 10, 30, '劉錫慶', '890004.00', '890004.00', 0, NULL),
(510, '2019-03-09', '13:42:41', '890004.00', 'C90000496', 'CK002', 'B90001515', 10, 'B90001513', 10, 'B90001512', 10, 30, '劉錫慶', '890004.00', '890004.00', 0, NULL),
(511, '2019-03-09', '13:45:35', '890004.00', 'C90000497', 'CK002', 'B90001516', 10, 'B90001517', 10, 'B90001514', 10, 30, '劉錫慶', '890004.00', '890004.00', 0, NULL),
(512, '2019-03-09', '13:53:47', '890004.00', 'C90000498', 'CK002', 'B90001520', 10, 'B90001519', 10, 'B90001518', 10, 30, '劉錫慶', '890004.00', '890004.00', 0, NULL),
(513, '2019-03-09', '13:58:36', '890004.00', 'C90000499', 'CK002', 'B90001523', 10, 'B90001522', 10, 'B90001521', 10, 30, '劉錫慶', '890004.00', '890004.00', 0, NULL),
(514, '2019-03-09', '13:59:57', '890004.00', 'C90000500', 'CK002', 'B90001524', 10, 'B90001525', 10, 'B90001526', 10, 30, '劉錫慶', '890004.00', '890004.00', 0, NULL),
(515, '2019-03-09', '14:02:00', '890004.00', 'C90000501', 'CK002', 'B90001529', 10, 'B90001528', 10, 'B90001527', 10, 30, '劉錫慶', '890004.00', '890004.00', 0, NULL),
(516, '2019-03-09', '14:05:35', '890004.00', 'C90000502', 'CK002', 'B90001532', 10, 'B90001531', 10, 'B90001530', 10, 30, '劉錫慶', '890004.00', '890004.00', 0, NULL),
(517, '2019-03-09', '14:10:47', '890004.00', 'C90000503', 'CK002', 'B90001536', 10, 'B90001535', 10, 'B90001533', 10, 30, '劉錫慶', '890004.00', '890004.00', 0, NULL),
(518, '2019-03-09', '14:17:32', '890004.00', 'C90000504', 'CK002', 'B90001537', 10, 'B90001538', 10, 'B90001539', 10, 30, '劉錫慶', '890004.00', '890004.00', 0, NULL),
(519, '2019-03-09', '14:20:06', '890004.00', 'C90000505', 'CK002', 'B90001542', 10, 'B90001541', 10, 'B90001540', 10, 30, '劉錫慶', '890004.00', '890004.00', 0, NULL),
(520, '2019-03-09', '14:22:24', '890004.00', 'C90000506', 'CK002', 'B90001543', 10, 'B90001545', 10, 'B90001544', 10, 30, '劉錫慶', '890004.00', '890004.00', 0, NULL),
(521, '2019-03-09', '14:35:04', '890004.00', 'C90000507', 'CK002', 'B90001547', 10, 'B90001548', 10, 'B90001546', 10, 30, '劉錫慶', '890004.00', '890004.00', 0, NULL),
(522, '2019-03-09', '14:42:19', '890004.00', 'C90000508', 'CK002', 'B90001551', 10, 'B90001550', 10, 'B90001549', 10, 30, '劉錫慶', '890004.00', '890004.00', 0, NULL),
(523, '2019-03-09', '14:47:31', '890004.00', 'C90000509', 'CK002', 'B90001552', 10, 'B90001553', 10, 'B90001554', 10, 30, '劉錫慶', '890004.00', '890004.00', 0, NULL),
(524, '2019-03-09', '14:51:10', '890004.00', 'C90000510', 'CK002', 'B90001556', 10, 'B90001555', 10, 'B90001557', 10, 30, '劉錫慶', '890004.00', '890004.00', 0, NULL),
(525, '2019-03-09', '15:00:04', '890004.00', 'C90000511', 'CK002', 'B90001560', 10, 'B90001559', 10, 'B90001558', 10, 30, '劉錫慶', '890004.00', '890004.00', 0, NULL),
(526, '2019-03-09', '15:05:14', '890004.00', 'C90000512', 'CK002', 'B90001563', 10, 'B90001562', 10, 'B90001561', 10, 30, '劉錫慶', '890004.00', '890004.00', 0, NULL),
(527, '2019-03-09', '15:17:17', '890004.00', 'C90000513', 'CK002', 'B90001565', 10, 'B90001566', 10, 'B90001564', 10, 30, '劉錫慶', '890004.00', '890004.00', 0, NULL),
(528, '2019-03-09', '15:41:33', '890004.00', 'C90000514', 'CK002', 'B90001567', 10, 'B90001568', 10, 'B90001570', 10, 30, '劉錫慶', '890004.00', '890004.00', 0, NULL),
(529, '2019-03-09', '15:44:17', '890004.00', 'C90000515', 'CK002', 'B90001571', 10, 'B90001572', 10, 'B90001574', 10, 30, '劉錫慶', '890004.00', '890004.00', 0, NULL),
(530, '2019-03-09', '15:47:52', '890004.00', 'C90000516', 'CK002', 'B90001575', 10, 'B90001576', 10, 'B90001577', 10, 30, '劉錫慶', '890004.00', '890004.00', 0, NULL),
(531, '2019-03-09', '15:51:08', '890004.00', 'C90000517', 'CK002', 'B90001578', 10, 'B90001579', 10, 'B90001580', 10, 30, '劉錫慶', '890004.00', '890004.00', 0, NULL),
(532, '2019-03-09', '15:58:15', '890004.00', 'C90000518', 'CK002', 'B90001581', 10, 'B90001582', 10, 'B90001583', 10, 30, '劉錫慶', '890004.00', '890004.00', 0, NULL),
(533, '2019-03-09', '16:04:46', '890004.00', 'C90000519', 'CK002', 'B90001585', 10, 'B90001586', 10, 'B90001584', 10, 30, '劉錫慶', '890004.00', '890004.00', 0, NULL),
(534, '2019-03-09', '16:05:13', '890004.00', 'C90000520', 'CK002', 'B90001587', 10, 'B90001588', 10, 'B90001589', 10, 30, '劉錫慶', '890004.00', '890004.00', 0, NULL),
(535, '2019-03-09', '16:09:26', '890004.00', 'C90000521', 'CK002', 'B90001592', 10, 'B90001591', 10, 'B90001590', 10, 30, '劉錫慶', '890004.00', '890004.00', 0, NULL),
(536, '2019-03-09', '16:18:41', '890004.00', 'C90000522', 'CK002', 'B90001595', 10, 'B90001594', 10, 'B90001593', 10, 30, '劉錫慶', '890004.00', '890004.00', 0, NULL),
(537, '2019-03-09', '16:21:40', '890004.00', 'C90000523', 'CK002', 'B90001596', 10, 'B90001597', 10, 'B90001598', 10, 30, '劉錫慶', '890004.00', '890004.00', 0, NULL),
(538, '2019-03-09', '16:22:58', '890004.00', 'C90000524', 'CK002', 'B90001601', 10, 'B90001600', 10, 'B90001599', 10, 30, '劉錫慶', '890004.00', '890004.00', 0, NULL),
(539, '2019-03-09', '16:28:42', '890004.00', 'C90000525', 'CK002', 'B90001604', 10, 'B90001603', 10, 'B90001602', 10, 30, '劉錫慶', '890004.00', '890004.00', 0, NULL),
(540, '2019-03-09', '16:35:24', '890004.00', 'C90000526', 'CK002', 'B90001605', 10, 'B90001606', 10, 'B90001607', 10, 30, '劉錫慶', '890004.00', '890004.00', 0, NULL),
(541, '2019-03-09', '16:39:46', '890004.00', 'C90000528', 'CK002', 'B90001608', 10, 'B90001609', 10, 'B90001610', 10, 30, '劉錫慶', '890004.00', '890004.00', 0, NULL),
(542, '2019-03-09', '16:40:17', '890004.00', 'C90000527', 'CK002', 'B90001613', 10, 'B90001611', 10, 'B90001614', 10, 30, '劉錫慶', '890004.00', '890004.00', 0, NULL),
(543, '2019-03-09', '16:49:46', '890004.00', 'C90000529', 'CK002', 'B90001573', 10, 'B90001615', 10, 'B90001616', 10, 30, '劉錫慶', '890004.00', '890004.00', 0, NULL),
(544, '2019-03-09', '16:53:31', '890004.00', 'C90000530', 'CK002', 'B90001612', 10, 'B90001619', 10, 'B90001621', 10, 30, '劉錫慶', '890004.00', '890004.00', 0, NULL),
(545, '2019-03-09', '16:54:04', '890004.00', 'C90000531', 'CK002', 'B90001617', 10, 'B90001618', 10, 'B90001620', 10, 30, '劉錫慶', '890004.00', '890004.00', 0, NULL),
(546, '2019-03-09', '16:55:50', '890004.00', 'C90000532', 'CK002', 'B90001622', 10, 'B90001624', 10, 'B90001625', 10, 30, '劉錫慶', '890004.00', '890004.00', 0, NULL),
(547, '2019-03-09', '16:58:32', '890004.00', 'C90000533', 'CK002', 'B90001623', 10, 'B90001626', 10, 'B90001627', 10, 30, '劉錫慶', '890004.00', '890004.00', 0, NULL),
(548, '2019-03-09', '17:00:09', '890004.00', 'C90000534', 'CK002', 'B90001628', 10, 'B90001630', 10, 'B90001631', 10, 30, '劉錫慶', '890004.00', '890004.00', 0, NULL),
(549, '2019-03-09', '17:03:42', '890004.00', 'C90000535', 'CK002', 'B90001629', 10, 'B90001632', 10, 'B90001633', 10, 30, '劉錫慶', '890004.00', '890004.00', 0, NULL),
(550, '2019-03-09', '17:05:22', '890004.00', 'C90000536', 'CK002', 'B90001635', 10, 'B90001634', 10, 'B90001636', 10, 30, '劉錫慶', '890004.00', '890004.00', 0, NULL),
(551, '2019-03-09', '17:15:19', '890004.00', 'C90000537', 'CK002', 'B90001639', 10, 'B90001638', 10, 'B90001637', 10, 30, '劉錫慶', '890004.00', '890004.00', 0, NULL),
(552, '2019-03-09', '17:19:15', '890004.00', 'C90000538', 'CK002', 'B90001643', 10, 'B90001642', 10, 'B90001641', 10, 30, '劉錫慶', '890004.00', '890004.00', 0, NULL),
(553, '2019-03-09', '17:22:14', '890004.00', 'C90000539', 'CK002', 'B90001647', 10, 'B90001640', 10, 'B90001644', 10, 30, '劉錫慶', '890004.00', '890004.00', 0, NULL),
(554, '2019-03-09', '17:24:04', '890004.00', 'C90000540', 'CK002', 'B90001648', 10, 'B90001645', 10, 'B90001646', 10, 30, '劉錫慶', '890004.00', '890004.00', 0, NULL),
(555, '2019-03-09', '17:27:30', '890004.00', 'C90000541', 'CK002', 'B90001649', 10, 'B90001651', 10, 'B90001650', 10, 30, '劉錫慶', '890004.00', '890004.00', 0, NULL),
(556, '2019-03-09', '17:30:21', '890004.00', 'C90000542', 'CK002', 'B90001652', 10, 'B90001654', 10, 'B90001653', 10, 30, '劉錫慶', '890004.00', '890004.00', 0, NULL),
(557, '2019-03-09', '17:35:14', '890004.00', 'C90000543', 'CK002', 'B90001657', 10, 'B90001656', 10, 'B90001655', 10, 30, '劉錫慶', '890004.00', '890004.00', 0, NULL),
(558, '2019-03-09', '17:37:55', '890004.00', 'C90000544', 'CK002', 'B90001660', 10, 'B90001658', 10, 'B90001659', 10, 30, '劉錫慶', '890004.00', '890004.00', 0, NULL),
(559, '2019-03-09', '17:40:00', '890004.00', 'C90000545', 'CK002', 'B90001661', 10, 'B90001662', 10, 'B90001663', 10, 30, '劉錫慶', '890004.00', '890004.00', 0, NULL),
(560, '2019-03-09', '17:43:01', '890004.00', 'C90000546', 'CK002', 'B90001664', 10, 'B90001667', 10, 'B90001666', 10, 30, '劉錫慶', '890004.00', '890004.00', 0, NULL),
(561, '2019-03-09', '17:45:53', '890004.00', 'C90000547', 'CK002', 'B90001665', 10, 'B90001668', 10, 'B90001669', 10, 30, '劉錫慶', '890004.00', '890004.00', 0, NULL),
(562, '2019-03-09', '17:50:29', '890004.00', 'C90000548', 'CK002', 'B90001671', 10, 'B90001672', 10, 'B90001670', 10, 30, '劉錫慶', '890004.00', '890004.00', 0, NULL),
(563, '2019-03-09', '17:53:47', '890004.00', 'C90000549', 'CK002', 'B90001673', 10, 'B90001674', 10, 'B90001677', 10, 30, '劉錫慶', '890004.00', '890004.00', 0, NULL),
(564, '2019-03-09', '17:54:53', '890004.00', 'C90000550', 'CK002', 'B90001678', 10, 'B90001675', 10, 'B90001676', 10, 30, '劉錫慶', '890004.00', '890004.00', 0, NULL),
(565, '2019-03-09', '17:58:10', '890004.00', 'C90000551', 'CK002', 'B90001681', 10, 'B90001679', 10, 'B90001680', 10, 30, '劉錫慶', '890004.00', '890004.00', 0, NULL),
(568, '2019-03-13', '16:26:09', '890003.00', 'C90000552', 'CK002', 'B90001688', 10, 'B90001690', 10, 'B90001687', 10, 30, '黃煜青', '890003.00', '890003.00', 0, NULL),
(569, '2019-03-13', '16:29:36', '890003.00', 'C90000553', 'CK002', 'B90001694', 10, 'B90001689', 10, 'B90001693', 10, 30, '黃煜青', '890003.00', '890003.00', 0, NULL),
(570, '2019-03-13', '16:31:35', '890003.00', 'C90000554', 'CK002', 'B90001692', 10, 'B90001691', 10, 'B90000132', 10, 30, '黃煜青', '890003.00', '890003.00', 0, NULL),
(571, '2019-03-15', '09:10:05', '890014.00', 'C90000555', 'DP002', 'B90001706', 10, 'B90001707', 10, 'B90001705', 10, 30, '陳信安', '890014.00', '890014.00', 0, NULL),
(572, '2019-03-15', '09:13:17', '890014.00', 'C90000556', 'DP002', 'B90001715', 10, 'B90001704', 10, 'B90001703', 10, 30, '陳信安', '890014.00', '890014.00', 0, NULL),
(573, '2019-03-15', '09:29:11', '890014.00', 'C90000557', 'DP002', 'B90001701', 10, 'B90001700', 10, 'B90001746', 10, 30, '陳信安', '890014.00', '890014.00', 0, NULL),
(574, '2019-03-15', '09:30:03', '890014.00', 'C90000558', 'DP002', 'B90001702', 10, 'B90001699', 10, 'B90001698', 10, 30, '陳信安', '890014.00', '890014.00', 0, NULL),
(575, '2019-03-15', '09:31:22', '890014.00', 'C90000559', 'DP002', 'B90001697', 10, 'B90001696', 10, 'B90001722', 10, 30, '陳信安', '890014.00', '890014.00', 0, NULL),
(576, '2019-03-15', '09:33:56', '890014.00', 'C90000560', 'DP002', 'B90001723', 10, 'B90001724', 10, 'B90001729', 10, 30, '陳信安', '890014.00', '890014.00', 0, NULL),
(577, '2019-03-15', '09:35:29', '890014.00', 'C90000561', 'DP002', 'B90001728', 10, 'B90001775', 10, 'B90001725', 10, 30, '陳信安', '890014.00', '890014.00', 0, NULL),
(578, '2019-03-15', '09:36:24', '890014.00', 'C90000562', 'DP002', 'B90001726', 10, 'B90001727', 10, 'B90001709', 10, 30, '陳信安', '890014.00', '890014.00', 0, NULL),
(579, '2019-03-15', '09:38:18', '890014.00', 'C90000563', 'DP002', 'B90001731', 10, 'B90001776', 10, 'B90001754', 10, 30, '陳信安', '890014.00', '890014.00', 0, NULL),
(580, '2019-03-15', '09:39:00', '890014.00', 'C90000564', 'DP002', 'B90001756', 10, 'B90001767', 10, 'B90001719', 10, 30, '陳信安', '890014.00', '890014.00', 0, NULL),
(581, '2019-03-15', '09:40:57', '890014.00', 'C90000565', 'DP002', 'B90001758', 10, 'B90001752', 10, 'B90001730', 10, 30, '陳信安', '890014.00', '890014.00', 0, NULL),
(582, '2019-03-15', '09:41:40', '890014.00', 'C90000566', 'DP002', 'B90001751', 10, 'B90001768', 10, 'B90001777', 10, 30, '陳信安', '890014.00', '890014.00', 0, NULL),
(583, '2019-03-15', '09:42:15', '890014.00', 'C90000567', 'DP002', 'B90001716', 10, 'B90001711', 10, 'B90001712', 10, 30, '陳信安', '890014.00', '890014.00', 0, NULL),
(584, '2019-03-15', '09:42:48', '890014.00', 'C90000568', 'DP002', 'B90001774', 10, 'B90001713', 10, 'B90001718', 10, 30, '陳信安', '890014.00', '890014.00', 0, NULL),
(585, '2019-03-15', '09:43:30', '890014.00', 'C90000569', 'DP002', 'B90001717', 10, 'B90001748', 10, 'B90001714', 10, 30, '陳信安', '890014.00', '890014.00', 0, NULL),
(586, '2019-03-15', '09:46:27', '890014.00', 'C90000570', 'DP002', 'B90001745', 10, 'B90001743', 10, 'B90001738', 10, 30, '陳信安', '890014.00', '890014.00', 0, NULL),
(587, '2019-03-15', '09:47:04', '890014.00', 'C90000571', 'DP002', 'B90001760', 10, 'B90001742', 10, 'B90001755', 10, 30, '陳信安', '890014.00', '890014.00', 0, NULL),
(588, '2019-03-15', '09:47:50', '890014.00', 'C90000572', 'DP002', 'B90001761', 10, 'B90001765', 10, 'B90001739', 10, 30, '陳信安', '890014.00', '890014.00', 0, NULL),
(589, '2019-03-15', '09:48:27', '890014.00', 'C90000573', 'DP002', 'B90001737', 10, 'B90001766', 10, 'B90001762', 10, 30, '陳信安', '890014.00', '890014.00', 0, NULL),
(590, '2019-03-15', '09:49:02', '890014.00', 'C90000574', 'DP002', 'B90001769', 10, 'B90001759', 10, 'B90001790', 10, 30, '陳信安', '890014.00', '890014.00', 0, NULL),
(591, '2019-03-15', '09:49:31', '890014.00', 'C90000575', 'DP002', 'B90001757', 10, 'B90001750', 10, 'B90001747', 10, 30, '陳信安', '890014.00', '890014.00', 0, NULL),
(592, '2019-03-15', '09:49:59', '890014.00', 'C90000576', 'DP002', 'B90001753', 10, 'B90001749', 10, 'B90001710', 10, 30, '陳信安', '890014.00', '890014.00', 0, NULL),
(593, '2019-03-15', '09:50:37', '890014.00', 'C90000577', 'DP002', 'B90001763', 10, 'B90001773', 10, 'B90001778', 10, 30, '陳信安', '890014.00', '890014.00', 0, NULL),
(594, '2019-03-15', '09:51:30', '890014.00', 'C90000578', 'DP002', 'B90001779', 10, 'B90001770', 10, 'B90001780', 10, 30, '陳信安', '890014.00', '890014.00', 0, NULL),
(595, '2019-03-15', '09:52:11', '890014.00', 'C90000579', 'DP002', 'B90001772', 10, 'B90001771', 10, 'B90001782', 10, 30, '陳信安', '890014.00', '890014.00', 0, NULL),
(596, '2019-03-15', '09:53:08', '890014.00', 'C90000580', 'DP002', 'B90001741', 10, 'B90001721', 10, 'B90001720', 10, 30, '陳信安', '890014.00', '890014.00', 0, NULL),
(597, '2019-03-15', '09:55:25', '890014.00', 'C90000581', 'DP002', 'B90001708', 10, 'B90001789', 10, 'B90001788', 10, 30, '陳信安', '890014.00', '890014.00', 0, NULL),
(598, '2019-03-15', '09:56:26', '890014.00', 'C90000582', 'DP002', 'B90001784', 10, 'B90001786', 10, 'B90001785', 10, 30, '陳信安', '890014.00', '890014.00', 0, NULL),
(599, '2019-03-15', '09:57:23', '890014.00', 'C90000583', 'DP002', 'B90001783', 10, 'B90001787', 10, 'B90001734', 10, 30, '陳信安', '890014.00', '890014.00', 0, NULL),
(600, '2019-03-15', '09:58:20', '890014.00', 'C90000584', 'DP002', 'B90001781', 10, 'B90001735', 10, 'B90001736', 10, 30, '陳信安', '890014.00', '890014.00', 0, NULL),
(601, '2019-03-15', '09:58:56', '890014.00', 'C90000585', 'DP002', 'B90001764', 10, 'B90001744', 10, 'B90001740', 10, 30, '陳信安', '890014.00', '890014.00', 0, NULL),
(602, '2019-03-15', '09:59:49', '890014.00', 'C90000586', 'DP002', 'B90001733', 10, 'B90001732', 10, 'B90001799', 10, 30, '陳信安', '890014.00', '890014.00', 0, NULL),
(603, '2019-03-15', '10:02:03', '890014.00', 'C90000587', 'DP002', 'B90001798', 10, 'B90001796', 10, 'B90001797', 10, 30, '陳信安', '890014.00', '890014.00', 0, NULL),
(604, '2019-03-15', '10:03:18', '890014.00', 'C90000588', 'DP002', 'B90001795', 10, 'B90001794', 10, 'B90001793', 10, 30, '陳信安', '890014.00', '890014.00', 0, NULL),
(605, '2019-03-15', '10:05:33', '890014.00', 'C90000589', 'DP002', 'B90001792', 10, 'B90001791', 10, 'B90001800', 10, 30, '陳信安', '890014.00', '890014.00', 0, NULL),
(606, '2019-03-15', '10:18:01', '890014.00', 'C90000590', 'DP002', 'B90001801', 10, 'B90001802', 10, 'B90001803', 10, 30, '陳信安', '890014.00', '890014.00', 0, NULL),
(607, '2019-03-15', '10:29:08', '890014.00', 'C90000591', 'DP002', 'B90001804', 10, 'B90001805', 10, 'B90001806', 10, 30, '陳信安', '890014.00', '890014.00', 1, '3 包轉puller'),
(608, '2019-03-15', '10:33:51', '890014.00', 'C90000592', 'DP002', 'B90001807', 10, 'B90001808', 10, 'B90001809', 10, 30, '陳信安', '890014.00', '890014.00', 0, NULL),
(609, '2019-03-15', '10:38:47', '890014.00', 'C90000593', 'DP002', 'B90001810', 10, 'B90001811', 10, 'B90001812', 10, 30, '陳信安', '890014.00', '890014.00', 0, NULL),
(610, '2019-03-15', '10:42:41', '890014.00', 'C90000594', 'DP002', 'B90001813', 10, 'B90001814', 10, 'B90001816', 10, 30, '陳信安', '890014.00', '890014.00', 1, '3 包轉puller'),
(611, '2019-03-15', '10:46:00', '890014.00', 'C90000595', 'DP002', 'B90001815', 10, 'B90001817', 10, 'B90001818', 10, 30, '陳信安', '890014.00', '890014.00', 0, NULL),
(612, '2019-03-15', '10:49:25', '890014.00', 'C90000596', 'DP002', 'B90001819', 10, 'B90001821', 10, 'B90001820', 10, 30, '陳信安', '890014.00', '890014.00', 0, NULL),
(613, '2019-03-15', '11:03:05', '890014.00', 'C90000597', 'DP002', 'B90001825', 10, 'B90001822', 10, 'B90001828', 10, 30, '陳信安', '890014.00', '890014.00', 0, NULL),
(614, '2019-03-15', '11:07:55', '890014.00', 'C90000598', 'DP002', 'B90001827', 10, 'B90001824', 10, 'B90001829', 10, 30, '陳信安', '890014.00', '890014.00', 0, NULL),
(615, '2019-03-15', '11:12:19', '890014.00', 'C90000599', 'DP002', 'B90001830', 10, 'B90001831', 10, 'B90001832', 10, 30, '陳信安', '890014.00', '890014.00', 0, NULL),
(616, '2019-03-15', '11:15:46', '890014.00', 'C90000600', 'DP002', 'B90001835', 10, 'B90001834', 10, 'B90001833', 10, 30, '陳信安', '890014.00', '890014.00', 0, NULL);

-- --------------------------------------------------------

--
-- 資料表結構 `person_certification_info`
--

CREATE TABLE `person_certification_info` (
  `id` int(11) NOT NULL,
  `work_num` varchar(5) COLLATE utf8_bin DEFAULT NULL,
  `name` varchar(6) COLLATE utf8_bin DEFAULT NULL,
  `area` varchar(20) COLLATE utf8_bin DEFAULT NULL,
  `shift` varchar(2) COLLATE utf8_bin DEFAULT NULL,
  `knowledge` varchar(45) COLLATE utf8_bin DEFAULT NULL,
  `technical` varchar(45) COLLATE utf8_bin DEFAULT NULL,
  `training` varchar(20) COLLATE utf8_bin DEFAULT NULL,
  `training_only` tinyint(4) DEFAULT NULL
) ENGINE=InnoDB DEFAULT CHARSET=utf8 COLLATE=utf8_bin;

--
-- 資料表的匯出資料 `person_certification_info`
--

INSERT INTO `person_certification_info` (`id`, `work_num`, `name`, `area`, `shift`, `knowledge`, `technical`, `training`, `training_only`) VALUES
(6, '211', '王東為', 'CVD', 'DB', '鐘罩鎖固及鬆脫作業板手人員', '鐘罩鎖固及鬆脫作業板手人員', '鐘罩鎖固及鬆脫作業板手人員', 0),
(7, '211', '王東為', 'CVD', 'DB', '鐘罩鎖固及鬆脫作業控制器人員', '鐘罩鎖固及鬆脫作業控制器人員', '鐘罩鎖固及鬆脫作業控制器人員', 0),
(9, '220', '游孟蓁', 'CVD', 'NA', '鐘罩鎖固及鬆脫作業板手人員', '鐘罩鎖固及鬆脫作業板手人員', '鐘罩鎖固及鬆脫作業板手人員', 0),
(10, '220', '游孟蓁', 'CVD', 'NA', '鐘罩鎖固及鬆脫作業控制器人員', '鐘罩鎖固及鬆脫作業控制器人員', '鐘罩鎖固及鬆脫作業控制器人員', 0),
(12, '222', '張文信', 'CVD', 'NB', '鐘罩鎖固及鬆脫作業板手人員', '鐘罩鎖固及鬆脫作業板手人員', '鐘罩鎖固及鬆脫作業板手人員', 0),
(13, '222', '張文信', 'CVD', 'NB', '鐘罩鎖固及鬆脫作業控制器人員', '鐘罩鎖固及鬆脫作業控制器人員', '鐘罩鎖固及鬆脫作業控制器人員', 0),
(15, '402', '陳士民', 'CVD', 'DA', '鐘罩鎖固及鬆脫作業板手人員', '鐘罩鎖固及鬆脫作業板手人員', '鐘罩鎖固及鬆脫作業板手人員', 0),
(16, '402', '陳士民', 'CVD', 'DA', '鐘罩鎖固及鬆脫作業控制器人員', '鐘罩鎖固及鬆脫作業控制器人員', '鐘罩鎖固及鬆脫作業控制器人員', 0),
(18, '427', '黃瑋筑', 'CVD', 'DB', '鐘罩鎖固及鬆脫作業板手人員', '鐘罩鎖固及鬆脫作業板手人員', '鐘罩鎖固及鬆脫作業板手人員', 0),
(19, '427', '黃瑋筑', 'CVD', 'DB', '鐘罩鎖固及鬆脫作業控制器人員', '鐘罩鎖固及鬆脫作業控制器人員', '鐘罩鎖固及鬆脫作業控制器人員', 0),
(21, '428', '林銘彥', 'CVD', 'DA', '鐘罩鎖固及鬆脫作業板手人員', '鐘罩鎖固及鬆脫作業板手人員', '鐘罩鎖固及鬆脫作業板手人員', 0),
(22, '428', '林銘彥', 'CVD', 'DA', '鐘罩鎖固及鬆脫作業控制器人員', '鐘罩鎖固及鬆脫作業控制器人員', '鐘罩鎖固及鬆脫作業控制器人員', 0),
(24, '433', '姚宗佑', 'CVD', 'NA', '鐘罩鎖固及鬆脫作業板手人員', '鐘罩鎖固及鬆脫作業板手人員', '鐘罩鎖固及鬆脫作業板手人員', 0),
(25, '433', '姚宗佑', 'CVD', 'NA', '鐘罩鎖固及鬆脫作業控制器人員', '鐘罩鎖固及鬆脫作業控制器人員', '鐘罩鎖固及鬆脫作業控制器人員', 0),
(27, '434', '周宥霆', 'CVD', 'DB', '鐘罩鎖固及鬆脫作業板手人員', '鐘罩鎖固及鬆脫作業板手人員', '鐘罩鎖固及鬆脫作業板手人員', 0),
(28, '434', '周宥霆', 'CVD', 'DB', '鐘罩鎖固及鬆脫作業控制器人員', '鐘罩鎖固及鬆脫作業控制器人員', '鐘罩鎖固及鬆脫作業控制器人員', 0),
(30, '442', '陳政宏', 'CVD', 'NB', '鐘罩鎖固及鬆脫作業板手人員', '鐘罩鎖固及鬆脫作業板手人員', '鐘罩鎖固及鬆脫作業板手人員', 0),
(31, '442', '陳政宏', 'CVD', 'NB', '鐘罩鎖固及鬆脫作業控制器人員', '鐘罩鎖固及鬆脫作業控制器人員', '鐘罩鎖固及鬆脫作業控制器人員', 0),
(33, '454', '張芫銘', 'CVD', 'DB', '鐘罩鎖固及鬆脫作業板手人員', '鐘罩鎖固及鬆脫作業板手人員', '鐘罩鎖固及鬆脫作業板手人員', 0),
(34, '454', '張芫銘', 'CVD', 'DB', '鐘罩鎖固及鬆脫作業控制器人員', '鐘罩鎖固及鬆脫作業控制器人員', '鐘罩鎖固及鬆脫作業控制器人員', 0),
(36, '456', '蘇宏吉', 'CVD', 'DA', '鐘罩鎖固及鬆脫作業板手人員', '鐘罩鎖固及鬆脫作業板手人員', '鐘罩鎖固及鬆脫作業板手人員', 0),
(37, '456', '蘇宏吉', 'CVD', 'DA', '鐘罩鎖固及鬆脫作業控制器人員', '鐘罩鎖固及鬆脫作業控制器人員', '鐘罩鎖固及鬆脫作業控制器人員', 0),
(39, '460', '劉錫賢', 'CVD', 'DA', '鐘罩鎖固及鬆脫作業板手人員', '鐘罩鎖固及鬆脫作業板手人員', '鐘罩鎖固及鬆脫作業板手人員', 0),
(40, '460', '劉錫賢', 'CVD', 'DA', '鐘罩鎖固及鬆脫作業控制器人員', '鐘罩鎖固及鬆脫作業控制器人員', '鐘罩鎖固及鬆脫作業控制器人員', 0),
(42, '474', '蔡江朋', 'CVD', 'NA', '鐘罩鎖固及鬆脫作業板手人員', '鐘罩鎖固及鬆脫作業板手人員', '鐘罩鎖固及鬆脫作業板手人員', 0),
(43, '474', '蔡江朋', 'CVD', 'NA', '鐘罩鎖固及鬆脫作業控制器人員', '鐘罩鎖固及鬆脫作業控制器人員', '鐘罩鎖固及鬆脫作業控制器人員', 0),
(45, '475', '周明鋒', 'CVD', 'DB', '鐘罩鎖固及鬆脫作業板手人員', '鐘罩鎖固及鬆脫作業板手人員', '鐘罩鎖固及鬆脫作業板手人員', 0),
(46, '475', '周明鋒', 'CVD', 'DB', '鐘罩鎖固及鬆脫作業控制器人員', '鐘罩鎖固及鬆脫作業控制器人員', '鐘罩鎖固及鬆脫作業控制器人員', 0),
(48, '477', '李家豪', 'CVD', 'NA', '鐘罩鎖固及鬆脫作業板手人員', '鐘罩鎖固及鬆脫作業板手人員', '鐘罩鎖固及鬆脫作業板手人員', 0),
(49, '477', '李家豪', 'CVD', 'NA', '鐘罩鎖固及鬆脫作業控制器人員', '鐘罩鎖固及鬆脫作業控制器人員', '鐘罩鎖固及鬆脫作業控制器人員', 0),
(51, '478', '洪偉陽', 'CVD', 'NB', '鐘罩鎖固及鬆脫作業板手人員', '鐘罩鎖固及鬆脫作業板手人員', '鐘罩鎖固及鬆脫作業板手人員', 0),
(52, '478', '洪偉陽', 'CVD', 'NB', '鐘罩鎖固及鬆脫作業控制器人員', '鐘罩鎖固及鬆脫作業控制器人員', '鐘罩鎖固及鬆脫作業控制器人員', 0),
(54, '479', '黃任均', 'CVD', 'NA', '鐘罩鎖固及鬆脫作業板手人員', '鐘罩鎖固及鬆脫作業板手人員', '鐘罩鎖固及鬆脫作業板手人員', 0),
(55, '479', '黃任均', 'CVD', 'NA', '鐘罩鎖固及鬆脫作業控制器人員', '鐘罩鎖固及鬆脫作業控制器人員', '鐘罩鎖固及鬆脫作業控制器人員', 0),
(57, '493', '曾詠明', 'CVD', 'DB', '鐘罩鎖固及鬆脫作業板手人員', '鐘罩鎖固及鬆脫作業板手人員', '鐘罩鎖固及鬆脫作業板手人員', 0),
(58, '493', '曾詠明', 'CVD', 'DB', '鐘罩鎖固及鬆脫作業控制器人員', '鐘罩鎖固及鬆脫作業控制器人員', '鐘罩鎖固及鬆脫作業控制器人員', 0),
(60, '505', '林國龍', 'CVD', 'NB', '鐘罩鎖固及鬆脫作業板手人員', '鐘罩鎖固及鬆脫作業板手人員', '鐘罩鎖固及鬆脫作業板手人員', 0),
(61, '505', '林國龍', 'CVD', 'NB', '鐘罩鎖固及鬆脫作業控制器人員', '鐘罩鎖固及鬆脫作業控制器人員', '鐘罩鎖固及鬆脫作業控制器人員', 0),
(63, '518', '廖蔚松', 'CVD', 'DB', '鐘罩鎖固及鬆脫作業板手人員', '鐘罩鎖固及鬆脫作業板手人員', '鐘罩鎖固及鬆脫作業板手人員', 0),
(64, '518', '廖蔚松', 'CVD', 'DB', '鐘罩鎖固及鬆脫作業控制器人員', '鐘罩鎖固及鬆脫作業控制器人員', '鐘罩鎖固及鬆脫作業控制器人員', 0),
(66, '531', '何俊昱', 'CVD', 'NA', '鐘罩鎖固及鬆脫作業板手人員', '鐘罩鎖固及鬆脫作業板手人員', '鐘罩鎖固及鬆脫作業板手人員', 0),
(67, '531', '何俊昱', 'CVD', 'NA', '鐘罩鎖固及鬆脫作業控制器人員', '鐘罩鎖固及鬆脫作業控制器人員', '鐘罩鎖固及鬆脫作業控制器人員', 0),
(69, '534', '郭生灃', 'CVD', 'DA', '鐘罩鎖固及鬆脫作業板手人員', '鐘罩鎖固及鬆脫作業板手人員', '鐘罩鎖固及鬆脫作業板手人員', 0),
(70, '534', '郭生灃', 'CVD', 'DA', '鐘罩鎖固及鬆脫作業控制器人員', '鐘罩鎖固及鬆脫作業控制器人員', '鐘罩鎖固及鬆脫作業控制器人員', 0),
(72, '544', '黃耀增', 'CVD', 'NB', '鐘罩鎖固及鬆脫作業板手人員', '鐘罩鎖固及鬆脫作業板手人員', '鐘罩鎖固及鬆脫作業板手人員', 0),
(73, '544', '黃耀增', 'CVD', 'NB', '鐘罩鎖固及鬆脫作業控制器人員', '鐘罩鎖固及鬆脫作業控制器人員', '鐘罩鎖固及鬆脫作業控制器人員', 0),
(75, '545', '林廸緯', 'CVD', 'NB', '鐘罩鎖固及鬆脫作業板手人員', '鐘罩鎖固及鬆脫作業板手人員', '鐘罩鎖固及鬆脫作業板手人員', 0),
(76, '545', '林廸緯', 'CVD', 'NB', '鐘罩鎖固及鬆脫作業控制器人員', '鐘罩鎖固及鬆脫作業控制器人員', '鐘罩鎖固及鬆脫作業控制器人員', 0),
(78, '546', '陳盛暉', 'CVD', 'NA', '鐘罩鎖固及鬆脫作業板手人員', '鐘罩鎖固及鬆脫作業板手人員', '鐘罩鎖固及鬆脫作業板手人員', 0),
(79, '546', '陳盛暉', 'CVD', 'NA', '鐘罩鎖固及鬆脫作業控制器人員', '鐘罩鎖固及鬆脫作業控制器人員', '鐘罩鎖固及鬆脫作業控制器人員', 0),
(81, '549', '王容豐', 'CVD', 'NB', '鐘罩鎖固及鬆脫作業板手人員', '鐘罩鎖固及鬆脫作業板手人員', '鐘罩鎖固及鬆脫作業板手人員', 0),
(82, '549', '王容豐', 'CVD', 'NB', '鐘罩鎖固及鬆脫作業控制器人員', '鐘罩鎖固及鬆脫作業控制器人員', '鐘罩鎖固及鬆脫作業控制器人員', 0),
(84, '572', '李俊穎', 'CVD', 'DA', '鐘罩鎖固及鬆脫作業板手人員', '鐘罩鎖固及鬆脫作業板手人員', '鐘罩鎖固及鬆脫作業板手人員', 0),
(85, '572', '李俊穎', 'CVD', 'DA', '鐘罩鎖固及鬆脫作業控制器人員', '鐘罩鎖固及鬆脫作業控制器人員', '鐘罩鎖固及鬆脫作業控制器人員', 0),
(87, '588', '林為成', 'CVD', 'DA', '鐘罩鎖固及鬆脫作業板手人員', '鐘罩鎖固及鬆脫作業板手人員', '鐘罩鎖固及鬆脫作業板手人員', 0),
(88, '588', '林為成', 'CVD', 'DA', '鐘罩鎖固及鬆脫作業控制器人員', '鐘罩鎖固及鬆脫作業控制器人員', '鐘罩鎖固及鬆脫作業控制器人員', 0),
(90, '211', '王東為', 'CVD', 'DB', '碳腳、石英環、晶種及晶橋安裝作業', '碳腳、石英環、晶種及晶橋安裝作業', '碳腳、石英環、晶種及晶橋安裝作業', 0),
(93, '220', '游孟蓁', 'CVD', 'NA', '碳腳、石英環、晶種及晶橋安裝作業', '碳腳、石英環、晶種及晶橋安裝作業', '碳腳、石英環、晶種及晶橋安裝作業', 0),
(96, '222', '張文信', 'CVD', 'NB', '碳腳、石英環、晶種及晶橋安裝作業', '碳腳、石英環、晶種及晶橋安裝作業', '碳腳、石英環、晶種及晶橋安裝作業', 0),
(99, '402', '陳士民', 'CVD', 'DA', '碳腳、石英環、晶種及晶橋安裝作業', '碳腳、石英環、晶種及晶橋安裝作業', '碳腳、石英環、晶種及晶橋安裝作業', 0),
(102, '427', '黃瑋筑', 'CVD', 'DB', '碳腳、石英環、晶種及晶橋安裝作業', '碳腳、石英環、晶種及晶橋安裝作業', '碳腳、石英環、晶種及晶橋安裝作業', 0),
(105, '428', '林銘彥', 'CVD', 'DA', '碳腳、石英環、晶種及晶橋安裝作業', '碳腳、石英環、晶種及晶橋安裝作業', '碳腳、石英環、晶種及晶橋安裝作業', 0),
(108, '433', '姚宗佑', 'CVD', 'NA', '碳腳、石英環、晶種及晶橋安裝作業', '碳腳、石英環、晶種及晶橋安裝作業', '碳腳、石英環、晶種及晶橋安裝作業', 0),
(111, '434', '周宥霆', 'CVD', 'DB', '碳腳、石英環、晶種及晶橋安裝作業', '碳腳、石英環、晶種及晶橋安裝作業', '碳腳、石英環、晶種及晶橋安裝作業', 0),
(114, '442', '陳政宏', 'CVD', 'NB', '碳腳、石英環、晶種及晶橋安裝作業', '碳腳、石英環、晶種及晶橋安裝作業', '碳腳、石英環、晶種及晶橋安裝作業', 0),
(117, '454', '張芫銘', 'CVD', 'DB', '碳腳、石英環、晶種及晶橋安裝作業', '碳腳、石英環、晶種及晶橋安裝作業', '碳腳、石英環、晶種及晶橋安裝作業', 0),
(120, '456', '蘇宏吉', 'CVD', 'DA', '碳腳、石英環、晶種及晶橋安裝作業', '碳腳、石英環、晶種及晶橋安裝作業', '碳腳、石英環、晶種及晶橋安裝作業', 0),
(123, '460', '劉錫賢', 'CVD', 'DA', '碳腳、石英環、晶種及晶橋安裝作業', '碳腳、石英環、晶種及晶橋安裝作業', '碳腳、石英環、晶種及晶橋安裝作業', 0),
(126, '474', '蔡江朋', 'CVD', 'NA', '碳腳、石英環、晶種及晶橋安裝作業', '碳腳、石英環、晶種及晶橋安裝作業', '碳腳、石英環、晶種及晶橋安裝作業', 0),
(129, '475', '周明鋒', 'CVD', 'DB', '碳腳、石英環、晶種及晶橋安裝作業', '碳腳、石英環、晶種及晶橋安裝作業', '碳腳、石英環、晶種及晶橋安裝作業', 0),
(132, '477', '李家豪', 'CVD', 'NA', '碳腳、石英環、晶種及晶橋安裝作業', '碳腳、石英環、晶種及晶橋安裝作業', '碳腳、石英環、晶種及晶橋安裝作業', 0),
(135, '478', '洪偉陽', 'CVD', 'NB', '碳腳、石英環、晶種及晶橋安裝作業', '碳腳、石英環、晶種及晶橋安裝作業', '碳腳、石英環、晶種及晶橋安裝作業', 0),
(138, '479', '黃任均', 'CVD', 'NA', '碳腳、石英環、晶種及晶橋安裝作業', '碳腳、石英環、晶種及晶橋安裝作業', '碳腳、石英環、晶種及晶橋安裝作業', 0),
(141, '493', '曾詠明', 'CVD', 'DB', '碳腳、石英環、晶種及晶橋安裝作業', '碳腳、石英環、晶種及晶橋安裝作業', '碳腳、石英環、晶種及晶橋安裝作業', 0),
(144, '505', '林國龍', 'CVD', 'NB', '碳腳、石英環、晶種及晶橋安裝作業', '碳腳、石英環、晶種及晶橋安裝作業', '碳腳、石英環、晶種及晶橋安裝作業', 0),
(147, '518', '廖蔚松', 'CVD', 'DB', '碳腳、石英環、晶種及晶橋安裝作業', '碳腳、石英環、晶種及晶橋安裝作業', '碳腳、石英環、晶種及晶橋安裝作業', 0),
(150, '531', '何俊昱', 'CVD', 'NA', '碳腳、石英環、晶種及晶橋安裝作業', '碳腳、石英環、晶種及晶橋安裝作業', '碳腳、石英環、晶種及晶橋安裝作業', 0),
(153, '534', '郭生灃', 'CVD', 'DA', '碳腳、石英環、晶種及晶橋安裝作業', '碳腳、石英環、晶種及晶橋安裝作業', '碳腳、石英環、晶種及晶橋安裝作業', 0),
(156, '544', '黃耀增', 'CVD', 'NB', '碳腳、石英環、晶種及晶橋安裝作業', '碳腳、石英環、晶種及晶橋安裝作業', '碳腳、石英環、晶種及晶橋安裝作業', 0),
(159, '545', '林廸緯', 'CVD', 'NB', '碳腳、石英環、晶種及晶橋安裝作業', '碳腳、石英環、晶種及晶橋安裝作業', '碳腳、石英環、晶種及晶橋安裝作業', 0),
(162, '546', '陳盛暉', 'CVD', 'NA', '碳腳、石英環、晶種及晶橋安裝作業', '碳腳、石英環、晶種及晶橋安裝作業', '碳腳、石英環、晶種及晶橋安裝作業', 0),
(165, '549', '王容豐', 'CVD', 'NB', '碳腳、石英環、晶種及晶橋安裝作業', '碳腳、石英環、晶種及晶橋安裝作業', '碳腳、石英環、晶種及晶橋安裝作業', 0),
(168, '572', '李俊穎', 'CVD', 'DA', '碳腳、石英環、晶種及晶橋安裝作業', '碳腳、石英環、晶種及晶橋安裝作業', '碳腳、石英環、晶種及晶橋安裝作業', 0),
(171, '588', '林為成', 'CVD', 'DA', '碳腳、石英環、晶種及晶橋安裝作業', '碳腳、石英環、晶種及晶橋安裝作業', '碳腳、石英環、晶種及晶橋安裝作業', 0),
(175, '211', '王東為', 'CVD', 'DB', '天車吊掛作業控制手', '天車吊掛作業控制手', '天車吊掛作業控制手', 0),
(176, '220', '游孟蓁', 'CVD', 'NA', '天車吊掛作業控制手', '天車吊掛作業控制手', '天車吊掛作業控制手', 0),
(177, '222', '張文信', 'CVD', 'NB', '天車吊掛作業控制手', '天車吊掛作業控制手', '天車吊掛作業控制手', 0),
(178, '402', '陳士民', 'CVD', 'DA', '天車吊掛作業控制手', '天車吊掛作業控制手', '天車吊掛作業控制手', 0),
(179, '427', '黃瑋筑', 'CVD', 'DB', '天車吊掛作業控制手', '天車吊掛作業控制手', '天車吊掛作業控制手', 0),
(180, '428', '林銘彥', 'CVD', 'DA', '天車吊掛作業控制手', '天車吊掛作業控制手', '天車吊掛作業控制手', 0),
(181, '433', '姚宗佑', 'CVD', 'NA', '天車吊掛作業控制手', '天車吊掛作業控制手', '天車吊掛作業控制手', 0),
(182, '434', '周宥霆', 'CVD', 'DB', '天車吊掛作業控制手', '天車吊掛作業控制手', '天車吊掛作業控制手', 0),
(183, '442', '陳政宏', 'CVD', 'NB', '天車吊掛作業控制手', '天車吊掛作業控制手', '天車吊掛作業控制手', 0),
(184, '454', '張芫銘', 'CVD', 'DB', '天車吊掛作業控制手', '天車吊掛作業控制手', '天車吊掛作業控制手', 0),
(185, '456', '蘇宏吉', 'CVD', 'DA', '天車吊掛作業控制手', '天車吊掛作業控制手', '天車吊掛作業控制手', 0),
(186, '460', '劉錫賢', 'CVD', 'DA', '天車吊掛作業控制手', '天車吊掛作業控制手', '天車吊掛作業控制手', 0),
(187, '474', '蔡江朋', 'CVD', 'NA', '天車吊掛作業控制手', '天車吊掛作業控制手', '天車吊掛作業控制手', 0),
(188, '475', '周明鋒', 'CVD', 'DB', '天車吊掛作業控制手', '天車吊掛作業控制手', '天車吊掛作業控制手', 0),
(189, '477', '李家豪', 'CVD', 'NA', '天車吊掛作業控制手', '天車吊掛作業控制手', '天車吊掛作業控制手', 0),
(190, '478', '洪偉陽', 'CVD', 'NB', '天車吊掛作業控制手', '天車吊掛作業控制手', '天車吊掛作業控制手', 0),
(191, '479', '黃任均', 'CVD', 'NA', '天車吊掛作業控制手', '天車吊掛作業控制手', '天車吊掛作業控制手', 0),
(192, '493', '曾詠明', 'CVD', 'DB', '天車吊掛作業控制手', '天車吊掛作業控制手', '天車吊掛作業控制手', 0),
(193, '505', '林國龍', 'CVD', 'NB', '天車吊掛作業控制手', '天車吊掛作業控制手', '天車吊掛作業控制手', 0),
(194, '518', '廖蔚松', 'CVD', 'DB', '天車吊掛作業控制手', '天車吊掛作業控制手', '天車吊掛作業控制手', 0),
(195, '531', '何俊昱', 'CVD', 'NA', '天車吊掛作業控制手', '天車吊掛作業控制手', '天車吊掛作業控制手', 0),
(196, '534', '郭生灃', 'CVD', 'DA', '天車吊掛作業控制手', '天車吊掛作業控制手', '天車吊掛作業控制手', 0),
(197, '544', '黃耀增', 'CVD', 'NB', '天車吊掛作業控制手', '天車吊掛作業控制手', '天車吊掛作業控制手', 0),
(198, '545', '林廸緯', 'CVD', 'NB', '天車吊掛作業控制手', '天車吊掛作業控制手', '天車吊掛作業控制手', 0),
(199, '546', '陳盛暉', 'CVD', 'NA', '天車吊掛作業控制手', '天車吊掛作業控制手', '天車吊掛作業控制手', 0),
(200, '549', '王容豐', 'CVD', 'NB', '天車吊掛作業控制手', '天車吊掛作業控制手', '天車吊掛作業控制手', 0),
(201, '572', '李俊穎', 'CVD', 'DA', '天車吊掛作業控制手', '天車吊掛作業控制手', '天車吊掛作業控制手', 0),
(202, '588', '林為成', 'CVD', 'DA', '天車吊掛作業控制手', '天車吊掛作業控制手', '天車吊掛作業控制手', 0),
(203, '220', '游孟蓁', 'CVD', 'NA', 'HCW管路安裝及拆卸作業', 'HCW管路安裝及拆卸作業', '', 0),
(204, '222', '張文信', 'CVD', 'NB', 'HCW管路安裝及拆卸作業', 'HCW管路安裝及拆卸作業', '', 0),
(205, '402', '陳士民', 'CVD', 'DA', 'HCW管路安裝及拆卸作業', 'HCW管路安裝及拆卸作業', '', 0),
(206, '427', '黃瑋筑', 'CVD', 'DB', 'HCW管路安裝及拆卸作業', 'HCW管路安裝及拆卸作業', '', 0),
(207, '428', '林銘彥', 'CVD', 'DA', 'HCW管路安裝及拆卸作業', 'HCW管路安裝及拆卸作業', '', 0),
(208, '433', '姚宗佑', 'CVD', 'NA', 'HCW管路安裝及拆卸作業', 'HCW管路安裝及拆卸作業', '', 0),
(209, '434', '周宥霆', 'CVD', 'DB', 'HCW管路安裝及拆卸作業', 'HCW管路安裝及拆卸作業', '', 0),
(210, '442', '陳政宏', 'CVD', 'NB', 'HCW管路安裝及拆卸作業', 'HCW管路安裝及拆卸作業', '', 0),
(211, '454', '張芫銘', 'CVD', 'DB', 'HCW管路安裝及拆卸作業', 'HCW管路安裝及拆卸作業', '', 0),
(212, '456', '蘇宏吉', 'CVD', 'DA', 'HCW管路安裝及拆卸作業', 'HCW管路安裝及拆卸作業', '', 0),
(213, '460', '劉錫賢', 'CVD', 'DA', 'HCW管路安裝及拆卸作業', 'HCW管路安裝及拆卸作業', '', 0),
(214, '474', '蔡江朋', 'CVD', 'NA', 'HCW管路安裝及拆卸作業', 'HCW管路安裝及拆卸作業', '', 0),
(215, '475', '周明鋒', 'CVD', 'DB', 'HCW管路安裝及拆卸作業', 'HCW管路安裝及拆卸作業', '', 0),
(216, '477', '李家豪', 'CVD', 'NA', 'HCW管路安裝及拆卸作業', 'HCW管路安裝及拆卸作業', '', 0),
(217, '478', '洪偉陽', 'CVD', 'NB', 'HCW管路安裝及拆卸作業', 'HCW管路安裝及拆卸作業', '', 0),
(218, '479', '黃任均', 'CVD', 'NA', 'HCW管路安裝及拆卸作業', 'HCW管路安裝及拆卸作業', '', 0),
(219, '493', '曾詠明', 'CVD', 'DB', 'HCW管路安裝及拆卸作業', 'HCW管路安裝及拆卸作業', '', 0),
(220, '505', '林國龍', 'CVD', 'NB', 'HCW管路安裝及拆卸作業', 'HCW管路安裝及拆卸作業', '', 0),
(221, '518', '廖蔚松', 'CVD', 'DB', 'HCW管路安裝及拆卸作業', 'HCW管路安裝及拆卸作業', '', 0),
(222, '531', '何俊昱', 'CVD', 'NA', 'HCW管路安裝及拆卸作業', 'HCW管路安裝及拆卸作業', '', 0),
(223, '534', '郭生灃', 'CVD', 'DA', 'HCW管路安裝及拆卸作業', 'HCW管路安裝及拆卸作業', '', 0),
(224, '544', '黃耀增', 'CVD', 'NB', 'HCW管路安裝及拆卸作業', 'HCW管路安裝及拆卸作業', '', 0),
(225, '545', '林廸緯', 'CVD', 'NB', 'HCW管路安裝及拆卸作業', 'HCW管路安裝及拆卸作業', '', 0),
(226, '546', '陳盛暉', 'CVD', 'NA', 'HCW管路安裝及拆卸作業', 'HCW管路安裝及拆卸作業', '', 0),
(227, '549', '王容豐', 'CVD', 'NB', 'HCW管路安裝及拆卸作業', 'HCW管路安裝及拆卸作業', '', 0),
(228, '572', '李俊穎', 'CVD', 'DA', 'HCW管路安裝及拆卸作業', 'HCW管路安裝及拆卸作業', '', 0),
(229, '588', '林為成', 'CVD', 'DA', 'HCW管路安裝及拆卸作業', 'HCW管路安裝及拆卸作業', '', 0),
(230, '211', '王東為', 'CVD', 'DB', 'HCW管路安裝及拆卸作業', 'HCW管路安裝及拆卸作業', '', 0),
(231, '220', '游孟蓁', 'CVD', 'NA', '緩衝墊、帆布鋪設及撤收作業', '緩衝墊、帆布鋪設及撤收作業', '緩衝墊、帆布鋪設及撤收作業', 1),
(232, '433', '姚宗佑', 'CVD', 'NA', '緩衝墊、帆布鋪設及撤收作業', '緩衝墊、帆布鋪設及撤收作業', '緩衝墊、帆布鋪設及撤收作業', 1),
(233, '474', '蔡江朋', 'CVD', 'NA', '緩衝墊、帆布鋪設及撤收作業', '緩衝墊、帆布鋪設及撤收作業', '緩衝墊、帆布鋪設及撤收作業', 1),
(234, '477', '李家豪', 'CVD', 'NA', '緩衝墊、帆布鋪設及撤收作業', '緩衝墊、帆布鋪設及撤收作業', '緩衝墊、帆布鋪設及撤收作業', 1),
(235, '479', '黃任均', 'CVD', 'NA', '緩衝墊、帆布鋪設及撤收作業', '緩衝墊、帆布鋪設及撤收作業', '緩衝墊、帆布鋪設及撤收作業', 1),
(236, '531', '何俊昱', 'CVD', 'NA', '緩衝墊、帆布鋪設及撤收作業', '緩衝墊、帆布鋪設及撤收作業', '緩衝墊、帆布鋪設及撤收作業', 1),
(237, '546', '陳盛暉', 'CVD', 'NA', '緩衝墊、帆布鋪設及撤收作業', '緩衝墊、帆布鋪設及撤收作業', '緩衝墊、帆布鋪設及撤收作業', 1),
(238, '222', '張文信', 'CVD', 'NB', '緩衝墊、帆布鋪設及撤收作業', '緩衝墊、帆布鋪設及撤收作業', '緩衝墊、帆布鋪設及撤收作業', 1),
(239, '442', '陳政宏', 'CVD', 'NB', '緩衝墊、帆布鋪設及撤收作業', '緩衝墊、帆布鋪設及撤收作業', '緩衝墊、帆布鋪設及撤收作業', 1),
(240, '478', '洪偉陽', 'CVD', 'NB', '緩衝墊、帆布鋪設及撤收作業', '緩衝墊、帆布鋪設及撤收作業', '緩衝墊、帆布鋪設及撤收作業', 1),
(241, '505', '林國龍', 'CVD', 'NB', '緩衝墊、帆布鋪設及撤收作業', '緩衝墊、帆布鋪設及撤收作業', '緩衝墊、帆布鋪設及撤收作業', 1),
(242, '544', '黃耀增', 'CVD', 'NB', '緩衝墊、帆布鋪設及撤收作業', '緩衝墊、帆布鋪設及撤收作業', '緩衝墊、帆布鋪設及撤收作業', 1),
(243, '545', '林廸緯', 'CVD', 'NB', '緩衝墊、帆布鋪設及撤收作業', '緩衝墊、帆布鋪設及撤收作業', '緩衝墊、帆布鋪設及撤收作業', 1),
(244, '549', '王容豐', 'CVD', 'NB', '緩衝墊、帆布鋪設及撤收作業', '緩衝墊、帆布鋪設及撤收作業', '緩衝墊、帆布鋪設及撤收作業', 1),
(245, '402', '陳士民', 'CVD', 'DA', '緩衝墊、帆布鋪設及撤收作業', '緩衝墊、帆布鋪設及撤收作業', '緩衝墊、帆布鋪設及撤收作業', 1),
(246, '428', '林銘彥', 'CVD', 'DA', '緩衝墊、帆布鋪設及撤收作業', '緩衝墊、帆布鋪設及撤收作業', '緩衝墊、帆布鋪設及撤收作業', 1),
(247, '456', '蘇宏吉', 'CVD', 'DA', '緩衝墊、帆布鋪設及撤收作業', '緩衝墊、帆布鋪設及撤收作業', '緩衝墊、帆布鋪設及撤收作業', 1),
(248, '460', '劉錫賢', 'CVD', 'DA', '緩衝墊、帆布鋪設及撤收作業', '緩衝墊、帆布鋪設及撤收作業', '緩衝墊、帆布鋪設及撤收作業', 1),
(249, '534', '郭生灃', 'CVD', 'DA', '緩衝墊、帆布鋪設及撤收作業', '緩衝墊、帆布鋪設及撤收作業', '緩衝墊、帆布鋪設及撤收作業', 1),
(250, '572', '李俊穎', 'CVD', 'DA', '緩衝墊、帆布鋪設及撤收作業', '緩衝墊、帆布鋪設及撤收作業', '緩衝墊、帆布鋪設及撤收作業', 1),
(251, '588', '林為成', 'CVD', 'DA', '緩衝墊、帆布鋪設及撤收作業', '緩衝墊、帆布鋪設及撤收作業', '緩衝墊、帆布鋪設及撤收作業', 1),
(252, '211', '王東為', 'CVD', 'DB', '緩衝墊、帆布鋪設及撤收作業', '緩衝墊、帆布鋪設及撤收作業', '緩衝墊、帆布鋪設及撤收作業', 1),
(253, '427', '黃瑋筑', 'CVD', 'DB', '緩衝墊、帆布鋪設及撤收作業', '緩衝墊、帆布鋪設及撤收作業', '緩衝墊、帆布鋪設及撤收作業', 1),
(254, '434', '周宥霆', 'CVD', 'DB', '緩衝墊、帆布鋪設及撤收作業', '緩衝墊、帆布鋪設及撤收作業', '緩衝墊、帆布鋪設及撤收作業', 1),
(255, '454', '張芫銘', 'CVD', 'DB', '緩衝墊、帆布鋪設及撤收作業', '緩衝墊、帆布鋪設及撤收作業', '緩衝墊、帆布鋪設及撤收作業', 1),
(256, '475', '周明鋒', 'CVD', 'DB', '緩衝墊、帆布鋪設及撤收作業', '緩衝墊、帆布鋪設及撤收作業', '緩衝墊、帆布鋪設及撤收作業', 1),
(257, '493', '曾詠明', 'CVD', 'DB', '緩衝墊、帆布鋪設及撤收作業', '緩衝墊、帆布鋪設及撤收作業', '緩衝墊、帆布鋪設及撤收作業', 1),
(258, '518', '廖蔚松', 'CVD', 'DB', '緩衝墊、帆布鋪設及撤收作業', '緩衝墊、帆布鋪設及撤收作業', '緩衝墊、帆布鋪設及撤收作業', 1),
(265, '220', '游孟蓁', 'CVD', 'NA', '天車吊掛作業牽引手', '天車吊掛作業牽引手', '天車吊掛作業牽引手', 1),
(266, '433', '姚宗佑', 'CVD', 'NA', '天車吊掛作業牽引手', '天車吊掛作業牽引手', '天車吊掛作業牽引手', 1),
(267, '474', '蔡江朋', 'CVD', 'NA', '天車吊掛作業牽引手', '天車吊掛作業牽引手', '天車吊掛作業牽引手', 1),
(268, '477', '李家豪', 'CVD', 'NA', '天車吊掛作業牽引手', '天車吊掛作業牽引手', '天車吊掛作業牽引手', 1),
(269, '479', '黃任均', 'CVD', 'NA', '天車吊掛作業牽引手', '天車吊掛作業牽引手', '天車吊掛作業牽引手', 1),
(270, '531', '何俊昱', 'CVD', 'NA', '天車吊掛作業牽引手', '天車吊掛作業牽引手', '天車吊掛作業牽引手', 1),
(271, '546', '陳盛暉', 'CVD', 'NA', '天車吊掛作業牽引手', '天車吊掛作業牽引手', '天車吊掛作業牽引手', 1),
(272, '222', '張文信', 'CVD', 'NB', '天車吊掛作業牽引手', '天車吊掛作業牽引手', '天車吊掛作業牽引手', 1),
(273, '442', '陳政宏', 'CVD', 'NB', '天車吊掛作業牽引手', '天車吊掛作業牽引手', '天車吊掛作業牽引手', 1),
(274, '478', '洪偉陽', 'CVD', 'NB', '天車吊掛作業牽引手', '天車吊掛作業牽引手', '天車吊掛作業牽引手', 1),
(275, '505', '林國龍', 'CVD', 'NB', '天車吊掛作業牽引手', '天車吊掛作業牽引手', '天車吊掛作業牽引手', 1),
(276, '544', '黃耀增', 'CVD', 'NB', '天車吊掛作業牽引手', '天車吊掛作業牽引手', '天車吊掛作業牽引手', 1),
(277, '545', '林廸緯', 'CVD', 'NB', '天車吊掛作業牽引手', '天車吊掛作業牽引手', '天車吊掛作業牽引手', 1),
(278, '549', '王容豐', 'CVD', 'NB', '天車吊掛作業牽引手', '天車吊掛作業牽引手', '天車吊掛作業牽引手', 1),
(281, '663', '陳敏聖', 'CVD', 'NB', '天車吊掛作業控制手', '天車吊掛作業控制手', '', 0),
(282, '663', '陳敏聖', 'CVD', 'NB', '碳腳、石英環、晶種及晶橋安裝作業', '碳腳、石英環、晶種及晶橋安裝作業', '', 0),
(283, '663', '陳敏聖', 'CVD', 'NB', 'HCW管路安裝及拆卸作業', 'HCW管路安裝及拆卸作業', '', 0),
(284, '663', '陳敏聖', 'CVD', 'NB', '緩衝墊、帆布鋪設及撤收作業', '緩衝墊、帆布鋪設及撤收作業', '緩衝墊、帆布鋪設及撤收作業', 1),
(285, '663', '陳敏聖', 'CVD', 'NB', '天車吊掛作業牽引手', '天車吊掛作業牽引手', '天車吊掛作業牽引手', 1),
(286, '402', '陳士民', 'CVD', 'DA', '天車吊掛作業牽引手', '天車吊掛作業牽引手', '天車吊掛作業牽引手', 1),
(287, '428', '林銘彥', 'CVD', 'DA', '天車吊掛作業牽引手', '天車吊掛作業牽引手', '天車吊掛作業牽引手', 1),
(288, '456', '蘇宏吉', 'CVD', 'DA', '天車吊掛作業牽引手', '天車吊掛作業牽引手', '天車吊掛作業牽引手', 1),
(289, '460', '劉錫賢', 'CVD', 'DA', '天車吊掛作業牽引手', '天車吊掛作業牽引手', '天車吊掛作業牽引手', 1),
(290, '534', '郭生灃', 'CVD', 'DA', '天車吊掛作業牽引手', '天車吊掛作業牽引手', '天車吊掛作業牽引手', 1),
(291, '572', '李俊穎', 'CVD', 'DA', '天車吊掛作業牽引手', '天車吊掛作業牽引手', '天車吊掛作業牽引手', 1),
(292, '588', '林為成', 'CVD', 'DA', '天車吊掛作業牽引手', '天車吊掛作業牽引手', '天車吊掛作業牽引手', 1),
(293, '211', '王東為', 'CVD', 'DB', '天車吊掛作業牽引手', '天車吊掛作業牽引手', '天車吊掛作業牽引手', 1),
(294, '427', '黃瑋筑', 'CVD', 'DB', '天車吊掛作業牽引手', '天車吊掛作業牽引手', '天車吊掛作業牽引手', 1),
(295, '434', '周宥霆', 'CVD', 'DB', '天車吊掛作業牽引手', '天車吊掛作業牽引手', '天車吊掛作業牽引手', 1),
(296, '454', '張芫銘', 'CVD', 'DB', '天車吊掛作業牽引手', '天車吊掛作業牽引手', '天車吊掛作業牽引手', 1),
(297, '475', '周明鋒', 'CVD', 'DB', '天車吊掛作業牽引手', '天車吊掛作業牽引手', '天車吊掛作業牽引手', 1),
(298, '493', '曾詠明', 'CVD', 'DB', '天車吊掛作業牽引手', '天車吊掛作業牽引手', '天車吊掛作業牽引手', 1),
(299, '518', '廖蔚松', 'CVD', 'DB', '天車吊掛作業牽引手', '天車吊掛作業牽引手', '天車吊掛作業牽引手', 1);

-- --------------------------------------------------------

--
-- 資料表結構 `person_certification_record`
--

CREATE TABLE `person_certification_record` (
  `id` int(11) NOT NULL,
  `person_certification_id` int(11) DEFAULT NULL,
  `knowledge_date` date DEFAULT NULL,
  `knowledge_score` int(11) DEFAULT NULL,
  `technical_date` date DEFAULT NULL,
  `technical_score` int(11) DEFAULT NULL,
  `training_date` date DEFAULT NULL,
  `trainer` varchar(6) COLLATE utf8_bin DEFAULT NULL
) ENGINE=InnoDB DEFAULT CHARSET=utf8 COLLATE=utf8_bin;

--
-- 資料表的匯出資料 `person_certification_record`
--

INSERT INTO `person_certification_record` (`id`, `person_certification_id`, `knowledge_date`, `knowledge_score`, `technical_date`, `technical_score`, `training_date`, `trainer`) VALUES
(1, 6, '2018-11-12', 100, '2018-11-12', 100, '2018-11-09', '姚紹貿'),
(2, 9, '2018-11-12', 100, '2018-11-12', 100, '2018-11-09', '姚紹貿'),
(3, 12, '2018-11-12', 100, '2018-11-12', 100, '2018-11-09', '姚紹貿'),
(4, 15, '2018-11-12', 100, '2018-11-12', 100, '2018-11-09', '姚紹貿'),
(5, 18, '2018-11-13', 100, '2018-11-14', 100, '2018-11-09', '王東為'),
(6, 21, '2018-11-12', 100, '2018-11-14', 100, '2018-11-09', '王東為'),
(7, 24, '2018-11-12', 100, '2018-11-13', 100, '2018-11-09', '王東為'),
(8, 27, '2018-11-12', 100, '2018-11-13', 100, '2018-11-09', '王東為'),
(9, 30, '2018-11-12', 100, '2018-11-13', 100, '2018-11-09', '王東為'),
(10, 33, '2018-11-12', 100, '2018-11-13', 100, '2018-11-09', '王東為'),
(11, 36, '2018-11-13', 100, '2018-11-14', 100, '2018-11-09', '王東為'),
(12, 39, '2018-11-12', 90, '2018-11-14', 100, '2018-11-09', '王東為'),
(13, 42, '2018-11-12', 100, '2018-11-12', 100, '2018-11-09', '王東為'),
(14, 45, '2018-11-12', 100, '2018-11-13', 95, '2018-11-09', '王東為'),
(15, 48, '2018-11-12', 85, '2018-11-13', 100, '2018-11-09', '王東為'),
(16, 51, '2018-11-12', 100, '2018-11-13', 100, '2018-11-09', '王東為'),
(17, 54, '2018-11-12', 100, '2018-11-13', 98, '2018-11-09', '王東為'),
(18, 57, '2018-11-12', 100, '2018-11-12', 100, '2018-11-09', '王東為'),
(19, 60, '2018-11-12', 100, '2018-11-14', 100, '2018-11-09', '王東為'),
(20, 63, '2018-11-12', 100, '2018-11-14', 100, '2018-11-09', '王東為'),
(21, 66, '2018-11-12', 87, '2018-11-14', 100, '2018-11-09', '王東為'),
(22, 69, '2018-11-12', 100, '2018-11-14', 100, '2018-11-09', '王東為'),
(23, 72, '2018-11-12', 95, '2018-11-14', 100, '2018-11-09', '王東為'),
(24, 75, '2018-11-12', 95, '2018-11-14', 100, '2018-11-09', '王東為'),
(25, 78, '2018-11-12', 100, '2018-11-13', 100, '2018-11-09', '王東為'),
(26, 81, '2018-11-12', 100, '2018-11-13', 100, '2018-11-09', '王東為'),
(27, 84, '2018-11-12', 100, '2018-11-13', 100, '2018-11-09', '王東為'),
(28, 87, '2018-11-12', 100, '2018-11-13', 100, '2018-11-09', '王東為'),
(29, 7, '2018-11-12', 100, '2018-11-12', 100, '2018-11-09', '姚紹貿'),
(30, 10, '2018-11-12', 100, '2018-11-12', 100, '2018-11-09', '姚紹貿'),
(31, 13, '2018-11-12', 100, '2018-11-12', 100, '2018-11-09', '姚紹貿'),
(32, 16, '2018-11-12', 95, '2018-11-12', 100, '2018-11-09', '姚紹貿'),
(33, 19, '2018-11-13', 95, '2018-11-13', 98, '2018-11-09', '王東為'),
(34, 22, '2018-11-12', 100, '2018-11-13', 100, '2018-11-09', '王東為'),
(35, 25, '2018-11-12', 100, '2018-11-14', 98, '2018-11-09', '王東為'),
(36, 28, '2018-11-12', 95, '2018-11-14', 98, '2018-11-09', '王東為'),
(37, 31, '2018-11-12', 95, '2018-11-14', 86, '2018-11-09', '王東為'),
(38, 34, '2018-11-12', 90, '2018-11-14', 100, '2018-11-09', '王東為'),
(39, 37, '2018-11-13', 100, '2018-11-13', 98, '2018-11-09', '王東為'),
(40, 40, '2018-11-12', 91, '2018-11-13', 96, '2018-11-09', '王東為'),
(41, 43, '2018-11-12', 100, '2018-11-12', 100, '2018-11-09', '王東為'),
(42, 46, '2018-11-12', 100, '2018-11-14', 100, '2018-11-09', '王東為'),
(43, 49, '2018-11-12', 95, '2018-11-14', 96, '2018-11-09', '王東為'),
(44, 52, '2018-11-12', 100, '2018-11-14', 98, '2018-11-09', '王東為'),
(45, 55, '2018-11-12', 95, '2018-11-14', 100, '2018-11-09', '王東為'),
(46, 58, '2018-11-12', 90, '2018-11-12', 100, '2018-11-09', '王東為'),
(47, 61, '2018-11-12', 100, '2018-11-14', 98, '2018-11-09', '王東為'),
(48, 64, '2018-11-12', 91, '2018-11-14', 98, '2018-11-09', '王東為'),
(49, 67, '2018-11-12', 90, '2018-11-14', 98, '2018-11-09', '王東為'),
(50, 70, '2018-11-12', 100, '2018-11-13', 100, '2018-11-09', '王東為'),
(51, 73, '2018-11-12', 81, '2018-11-14', 100, '2018-11-09', '王東為'),
(52, 76, '2018-11-12', 95, '2018-11-13', 98, '2018-11-09', '王東為'),
(53, 79, '2018-11-12', 100, '2018-11-14', 100, '2018-11-09', '王東為'),
(54, 82, '2018-11-12', 90, '2018-11-14', 100, '2018-11-09', '王東為'),
(55, 85, '2018-11-12', 93, '2018-11-14', 98, '2018-11-09', '王東為'),
(56, 88, '2018-11-12', 95, '2018-11-14', 100, '2018-11-09', '王東為'),
(57, 90, '2018-11-12', 95, '2018-11-12', 100, '2018-11-09', '姚紹貿'),
(58, 93, '2018-11-12', 100, '2018-11-12', 100, '2018-11-09', '姚紹貿'),
(59, 96, '2018-11-12', 100, '2018-11-12', 100, '2018-11-09', '姚紹貿'),
(60, 99, '2018-11-12', 100, '2018-11-12', 100, '2018-11-09', '姚紹貿'),
(61, 102, '2018-11-12', 100, '2018-11-12', 100, '2018-11-09', '姚紹貿'),
(90, 120, '2018-11-12', 100, '2018-11-12', 100, '2018-11-09', '姚紹貿'),
(91, 175, '2018-11-09', 100, '2018-11-09', 100, '2018-11-09', '姚紹貿'),
(92, 176, '2018-11-09', 100, '2018-11-09', 100, '2018-11-09', '姚紹貿'),
(93, 177, '2018-11-09', 100, '2018-11-09', 100, '2018-11-09', '姚紹貿'),
(94, 178, '2018-11-09', 100, '2018-11-09', 100, '2018-11-09', '姚紹貿'),
(206, 6, '2018-11-12', 100, '2018-11-12', 100, '2018-11-09', '姚紹貿'),
(207, 226, '2018-11-12', 100, '2018-12-12', 98, '2018-11-09', '陳士民'),
(208, 220, '2018-11-13', 100, '2018-12-10', 100, '2018-11-09', '陳士民'),
(209, 227, '2018-11-12', 95, '2018-12-12', 100, '2018-11-09', '陳士民'),
(210, 225, '2018-11-12', 85, '2018-12-17', 94, '2018-11-09', '陳士民'),
(211, 214, '2018-11-12', 93, '2018-12-17', 100, '2018-11-09', '陳士民'),
(212, 219, '2018-11-12', 90, '2018-12-17', 84, '2018-11-09', '陳士民'),
(213, 211, '2018-11-12', 90, NULL, 0, '2018-11-09', '陳士民'),
(214, 223, '2018-11-12', 95, '2018-12-13', 89, '2018-11-09', '陳士民'),
(215, 216, '2018-11-12', 90, '2018-12-12', 93, '2018-11-09', '陳士民'),
(216, 228, '2018-11-12', 85, '2018-12-13', 93, '2018-11-09', '陳士民'),
(217, 229, '2018-11-12', 100, '2018-12-13', 82, '2018-11-09', '陳士民'),
(218, 209, '2018-11-12', 95, '2018-12-17', 96, '2018-11-09', '陳士民'),
(219, 213, '2018-11-12', 85, '2018-12-12', 95, '2018-11-09', '陳士民'),
(220, 215, '2018-11-12', 100, '2018-12-13', 91, '2018-11-09', '陳士民'),
(221, 217, '2018-11-12', 93, '2018-12-17', 87, '2018-11-09', '陳士民'),
(222, 224, '2018-11-12', 100, NULL, 0, '2018-11-09', '陳士民'),
(223, 222, '2018-11-12', 95, '2018-12-13', 82, '2018-11-09', '陳士民'),
(224, 208, '2018-11-12', 93, '2018-12-13', 86, '2018-11-09', '陳士民'),
(225, 207, '2018-11-13', 100, '2018-12-10', 100, '2018-11-09', '陳士民'),
(226, 221, '2018-11-13', 100, '2018-12-12', 90, '2018-11-09', '陳士民'),
(227, 218, '2018-11-12', 0, '2018-12-17', 98, '2018-11-09', '陳士民'),
(228, 210, '2018-11-13', 100, '2018-12-10', 100, '2018-11-09', '陳士民'),
(229, 205, '2018-11-12', 100, '2018-12-10', 100, '2018-11-09', '姚紹貿'),
(230, 204, '2018-11-12', 100, '2018-12-10', 100, '2018-11-09', '姚紹貿'),
(231, 203, '2018-11-12', 100, '2018-12-10', 100, '2018-11-09', '姚紹貿'),
(232, 230, '2018-11-12', 90, '2018-12-10', 100, '2018-11-09', '姚紹貿'),
(233, 212, '2018-11-13', 90, '2018-12-12', 98, '2018-11-09', '陳士民'),
(234, 206, '2018-11-13', 100, '2018-12-12', 95, '2018-11-09', '陳士民'),
(235, 179, '2018-12-10', 100, '2018-12-13', 88, '2018-11-09', '姚紹貿'),
(236, 193, '2018-12-10', 100, '2018-12-12', 96, '2018-11-09', '姚紹貿'),
(237, 183, '2018-12-10', 100, NULL, 0, '2018-11-09', '姚紹貿'),
(238, 187, '2018-12-10', 95, '2018-12-12', 86, '2018-11-09', '姚紹貿'),
(239, 181, '2018-12-10', 100, '2018-12-12', 96, '2018-11-09', '姚紹貿'),
(240, 180, '2018-12-10', 100, '2018-12-12', 96, '2018-11-09', '姚紹貿'),
(241, 185, '2018-12-10', 100, '2018-12-12', 96, '2018-11-09', '姚紹貿'),
(242, 188, '2018-12-10', 100, '2018-12-12', 96, '2018-11-09', '姚紹貿'),
(243, 162, '2018-11-12', 100, '2018-11-23', 96, '2018-11-09', '游孟蓁'),
(244, 144, '2018-11-13', 100, '2018-11-23', 98, '2018-11-09', '游孟蓁'),
(245, 165, '2018-11-12', 95, '2018-11-23', 98, '2018-11-09', '游孟蓁'),
(246, 159, '2018-11-12', 94, '2018-11-23', 100, '2018-11-09', '游孟蓁'),
(247, 126, '2018-11-12', 100, '2018-11-22', 100, '2018-11-09', '游孟蓁'),
(248, 141, '2018-11-12', 100, '2018-11-22', 98, '2018-11-09', '游孟蓁'),
(249, 117, '2018-11-12', 85, '2018-11-22', 90, '2018-11-09', '游孟蓁'),
(250, 153, '2018-11-12', 95, '2018-11-22', 98, '2018-11-09', '游孟蓁'),
(251, 132, '2018-11-12', 90, '2018-11-22', 100, '2018-11-09', '游孟蓁'),
(252, 168, '2018-11-12', 82, '2018-11-22', 96, '2018-11-09', '游孟蓁'),
(253, 171, '2018-11-12', 100, '2018-11-22', 100, '2018-11-09', '游孟蓁'),
(254, 111, '2018-11-12', 95, '2018-11-22', 98, '2018-11-09', '游孟蓁'),
(255, 123, '2018-11-12', 86, '2018-11-22', 96, '2018-11-09', '游孟蓁'),
(256, 129, '2018-11-12', 95, '2018-11-22', 86, '2018-11-09', '游孟蓁'),
(257, 135, '2018-11-12', 92, '2018-11-22', 95, '2018-11-09', '游孟蓁'),
(258, 156, '2018-11-12', 95, '2018-11-22', 100, '2018-11-09', '游孟蓁'),
(259, 150, '2018-11-12', 95, '2018-11-22', 86, '2018-11-09', '游孟蓁'),
(260, 108, '2018-11-12', 95, '2018-11-22', 98, '2018-11-09', '游孟蓁'),
(261, 105, '2018-11-13', 95, '2018-11-22', 96, '2018-11-09', '游孟蓁'),
(262, 147, '2018-11-13', 92, '2018-11-22', 100, '2018-11-09', '游孟蓁'),
(263, 138, '2018-11-12', 87, '2018-11-22', 98, '2018-11-09', '游孟蓁'),
(264, 114, '2018-11-12', 94, NULL, 0, '2018-11-09', '游孟蓁'),
(265, 231, NULL, NULL, NULL, NULL, '2018-12-07', '林彥亨'),
(266, 232, NULL, NULL, NULL, NULL, '2018-12-07', '陳士民'),
(267, 233, NULL, NULL, NULL, NULL, '2018-12-07', '楊志文'),
(268, 234, NULL, NULL, NULL, NULL, '2018-12-07', '楊志文'),
(269, 235, NULL, NULL, NULL, NULL, '2018-12-07', '楊志文'),
(270, 236, NULL, NULL, NULL, NULL, '2018-12-07', '楊志文'),
(271, 237, NULL, NULL, NULL, NULL, '2018-12-07', '楊志文'),
(272, 238, NULL, NULL, NULL, NULL, '2018-12-07', '楊志文'),
(273, 239, NULL, NULL, NULL, NULL, '2018-12-07', '楊志文'),
(274, 240, NULL, NULL, NULL, NULL, '2018-12-07', '楊志文'),
(275, 241, NULL, NULL, NULL, NULL, '2018-12-07', '楊志文'),
(276, 242, NULL, NULL, NULL, NULL, '2018-12-07', '楊志文'),
(277, 243, NULL, NULL, NULL, NULL, '2018-12-07', '楊志文'),
(278, 244, NULL, NULL, NULL, NULL, '2018-12-07', '楊志文'),
(279, 245, NULL, NULL, NULL, NULL, '2018-12-07', '楊志文'),
(280, 246, NULL, NULL, NULL, NULL, '2018-12-07', '楊志文'),
(281, 247, NULL, NULL, NULL, NULL, '2018-12-07', '楊志文'),
(282, 248, NULL, NULL, NULL, NULL, '2018-12-07', '楊志文'),
(283, 249, NULL, NULL, NULL, NULL, '2018-12-07', '楊志文'),
(284, 250, NULL, NULL, NULL, NULL, '2018-12-07', '楊志文'),
(285, 251, NULL, NULL, NULL, NULL, '2018-12-07', '楊志文'),
(286, 252, NULL, NULL, NULL, NULL, '2018-12-07', '楊志文'),
(287, 253, NULL, NULL, NULL, NULL, '2018-12-07', '楊志文'),
(288, 254, NULL, NULL, NULL, NULL, '2018-12-07', '楊志文'),
(289, 255, NULL, NULL, NULL, NULL, '2018-12-07', '楊志文'),
(290, 256, NULL, NULL, NULL, NULL, '2018-12-07', '楊志文'),
(291, 257, NULL, NULL, NULL, NULL, '2018-12-07', '楊志文'),
(292, 258, NULL, NULL, NULL, NULL, '2018-12-07', '楊志文'),
(294, 265, NULL, NULL, NULL, NULL, '2019-02-15', '姚紹貿'),
(295, 272, NULL, NULL, NULL, NULL, '2019-02-15', '姚紹貿'),
(296, 286, NULL, NULL, NULL, NULL, '2019-02-15', '姚紹貿'),
(297, 293, NULL, NULL, NULL, NULL, '2019-02-15', '姚紹貿'),
(298, 266, NULL, 0, NULL, 0, '2019-02-15', '游孟蓁'),
(299, 267, NULL, 0, NULL, 0, '2019-02-15', '游孟蓁'),
(300, 268, NULL, 0, NULL, 0, '2019-02-15', '游孟蓁'),
(301, 269, NULL, 0, NULL, 0, '2019-02-15', '游孟蓁'),
(302, 270, NULL, 0, NULL, 0, '2019-02-15', '游孟蓁'),
(303, 271, NULL, 0, NULL, 0, '2019-02-15', '游孟蓁'),
(304, 273, NULL, 0, NULL, 0, '2019-02-15', '張文信'),
(305, 274, NULL, 0, NULL, 0, '2019-02-15', '張文信'),
(306, 275, NULL, 0, NULL, 0, '2019-02-15', '張文信'),
(307, 276, NULL, 0, NULL, 0, '2019-02-15', '張文信'),
(308, 277, NULL, 0, NULL, 0, '2019-02-15', '張文信'),
(309, 278, NULL, 0, NULL, 0, '2019-02-15', '張文信'),
(310, 287, NULL, 0, NULL, 0, '2019-02-15', '陳士民'),
(311, 288, NULL, 0, NULL, 0, '2019-02-15', '陳士民'),
(312, 289, NULL, 0, NULL, 0, '2019-02-15', '陳士民'),
(313, 290, NULL, 0, NULL, 0, '2019-02-15', '陳士民'),
(314, 292, NULL, 0, NULL, 0, '2019-02-15', '陳士民'),
(315, 294, NULL, 0, NULL, 0, '2019-02-15', '王東為'),
(316, 295, NULL, 0, NULL, 0, '2019-02-15', '王東為'),
(317, 296, NULL, 0, NULL, 0, '2019-02-15', '王東為'),
(318, 298, NULL, 0, NULL, 0, '2019-02-15', '王東為'),
(319, 299, NULL, 0, NULL, 0, '2019-02-15', '王東為'),
(320, 297, NULL, 0, NULL, 0, '2019-02-15', '王東為');

-- --------------------------------------------------------

--
-- 資料表結構 `person_class_info`
--

CREATE TABLE `person_class_info` (
  `id` int(11) NOT NULL,
  `work_num` varchar(5) COLLATE utf8_bin DEFAULT NULL COMMENT '工號',
  `name` varchar(6) COLLATE utf8_bin DEFAULT NULL,
  `class_name` varchar(20) COLLATE utf8_bin DEFAULT NULL COMMENT '課程名稱',
  `onduty` tinyint(4) DEFAULT '1'
) ENGINE=InnoDB DEFAULT CHARSET=utf8 COLLATE=utf8_bin;

--
-- 資料表的匯出資料 `person_class_info`
--

INSERT INTO `person_class_info` (`id`, `work_num`, `name`, `class_name`, `onduty`) VALUES
(1, '211', '王東為', '結晶矽作業區介紹', 1),
(2, '211', '王東為', '製造組人員規範', 1),
(3, '211', '王東為', '結晶矽作業區安全須知', 1),
(4, '211', '王東為', '製造組直接人員標準作業規範', 1),
(5, '220', '游孟蓁', '結晶矽作業區介紹', 1),
(6, '220', '游孟蓁', '製造組人員規範', 1),
(7, '220', '游孟蓁', '結晶矽作業區安全須知', 1),
(8, '220', '游孟蓁', '製造組直接人員標準作業規範', 1),
(9, '222', '張文信', '結晶矽作業區介紹', 1),
(10, '222', '張文信', '製造組人員規範', 1),
(11, '222', '張文信', '結晶矽作業區安全須知', 1),
(12, '222', '張文信', '製造組直接人員標準作業規範', 1),
(13, '402', '陳士民', '結晶矽作業區介紹', 1),
(14, '402', '陳士民', '製造組人員規範', 1),
(15, '402', '陳士民', '結晶矽作業區安全須知', 1),
(16, '402', '陳士民', '製造組直接人員標準作業規範', 1),
(17, '408', '陳昱璋', '結晶矽作業區介紹', 1),
(18, '408', '陳昱璋', '製造組人員規範', 1),
(19, '408', '陳昱璋', '結晶矽作業區安全須知', 1),
(20, '408', '陳昱璋', '製造組直接人員標準作業規範', 1),
(21, '427', '黃瑋筑', '結晶矽作業區介紹', 1),
(22, '427', '黃瑋筑', '製造組人員規範', 1),
(23, '427', '黃瑋筑', '結晶矽作業區安全須知', 1),
(24, '427', '黃瑋筑', '製造組直接人員標準作業規範', 1),
(25, '428', '林銘彥', '結晶矽作業區介紹', 1),
(26, '428', '林銘彥', '製造組人員規範', 1),
(27, '428', '林銘彥', '結晶矽作業區安全須知', 1),
(28, '428', '林銘彥', '製造組直接人員標準作業規範', 1),
(29, '433', '姚宗佑', '結晶矽作業區介紹', 1),
(30, '433', '姚宗佑', '製造組人員規範', 1),
(31, '433', '姚宗佑', '結晶矽作業區安全須知', 1),
(32, '433', '姚宗佑', '製造組直接人員標準作業規範', 1),
(33, '434', '周宥霆', '結晶矽作業區介紹', 1),
(34, '434', '周宥霆', '製造組人員規範', 1),
(35, '434', '周宥霆', '結晶矽作業區安全須知', 1),
(36, '434', '周宥霆', '製造組直接人員標準作業規範', 1),
(37, '442', '陳政宏', '結晶矽作業區介紹', 1),
(38, '442', '陳政宏', '製造組人員規範', 1),
(39, '442', '陳政宏', '結晶矽作業區安全須知', 1),
(40, '442', '陳政宏', '製造組直接人員標準作業規範', 1),
(41, '443', '陳珮瑜', '結晶矽作業區介紹', 1),
(42, '443', '陳珮瑜', '製造組人員規範', 1),
(43, '443', '陳珮瑜', '結晶矽作業區安全須知', 1),
(44, '443', '陳珮瑜', '製造組直接人員標準作業規範', 1),
(45, '444', '李佳玲', '結晶矽作業區介紹', 1),
(46, '444', '李佳玲', '製造組人員規範', 1),
(47, '444', '李佳玲', '結晶矽作業區安全須知', 1),
(48, '444', '李佳玲', '製造組直接人員標準作業規範', 1),
(49, '454', '張芫銘', '結晶矽作業區介紹', 1),
(50, '454', '張芫銘', '製造組人員規範', 1),
(51, '454', '張芫銘', '結晶矽作業區安全須知', 1),
(52, '454', '張芫銘', '製造組直接人員標準作業規範', 1),
(53, '455', '劉佳蓉', '結晶矽作業區介紹', 1),
(54, '455', '劉佳蓉', '製造組人員規範', 1),
(55, '455', '劉佳蓉', '結晶矽作業區安全須知', 1),
(56, '455', '劉佳蓉', '製造組直接人員標準作業規範', 1),
(57, '456', '蘇宏吉', '結晶矽作業區介紹', 1),
(58, '456', '蘇宏吉', '製造組人員規範', 1),
(59, '456', '蘇宏吉', '結晶矽作業區安全須知', 1),
(60, '456', '蘇宏吉', '製造組直接人員標準作業規範', 1),
(61, '458', '張富農', '結晶矽作業區介紹', 1),
(62, '458', '張富農', '製造組人員規範', 1),
(63, '458', '張富農', '結晶矽作業區安全須知', 1),
(64, '458', '張富農', '製造組直接人員標準作業規範', 1),
(65, '459', '蔡珈昇', '結晶矽作業區介紹', 1),
(66, '459', '蔡珈昇', '製造組人員規範', 1),
(67, '459', '蔡珈昇', '結晶矽作業區安全須知', 1),
(68, '459', '蔡珈昇', '製造組直接人員標準作業規範', 1),
(69, '460', '劉錫賢', '結晶矽作業區介紹', 1),
(70, '460', '劉錫賢', '製造組人員規範', 1),
(71, '460', '劉錫賢', '結晶矽作業區安全須知', 1),
(72, '460', '劉錫賢', '製造組直接人員標準作業規範', 1),
(73, '474', '蔡江朋', '結晶矽作業區介紹', 1),
(74, '474', '蔡江朋', '製造組人員規範', 1),
(75, '474', '蔡江朋', '結晶矽作業區安全須知', 1),
(76, '474', '蔡江朋', '製造組直接人員標準作業規範', 1),
(77, '475', '周明鋒', '結晶矽作業區介紹', 1),
(78, '475', '周明鋒', '製造組人員規範', 1),
(79, '475', '周明鋒', '結晶矽作業區安全須知', 1),
(80, '475', '周明鋒', '製造組直接人員標準作業規範', 1),
(81, '476', '董怡菁', '結晶矽作業區介紹', 1),
(82, '476', '董怡菁', '製造組人員規範', 1),
(83, '476', '董怡菁', '結晶矽作業區安全須知', 1),
(84, '476', '董怡菁', '製造組直接人員標準作業規範', 1),
(85, '477', '李家豪', '結晶矽作業區介紹', 1),
(86, '477', '李家豪', '製造組人員規範', 1),
(87, '477', '李家豪', '結晶矽作業區安全須知', 1),
(88, '477', '李家豪', '製造組直接人員標準作業規範', 1),
(89, '478', '洪偉陽', '結晶矽作業區介紹', 1),
(90, '478', '洪偉陽', '製造組人員規範', 1),
(91, '478', '洪偉陽', '結晶矽作業區安全須知', 1),
(92, '478', '洪偉陽', '製造組直接人員標準作業規範', 1),
(93, '479', '黃任均', '結晶矽作業區介紹', 1),
(94, '479', '黃任均', '製造組人員規範', 1),
(95, '479', '黃任均', '結晶矽作業區安全須知', 1),
(96, '479', '黃任均', '製造組直接人員標準作業規範', 1),
(97, '480', '林金宏', '結晶矽作業區介紹', 1),
(98, '480', '林金宏', '製造組人員規範', 1),
(99, '480', '林金宏', '結晶矽作業區安全須知', 1),
(100, '480', '林金宏', '製造組直接人員標準作業規範', 1),
(101, '488', '林榆芸', '結晶矽作業區介紹', 1),
(102, '488', '林榆芸', '製造組人員規範', 1),
(103, '488', '林榆芸', '結晶矽作業區安全須知', 1),
(104, '488', '林榆芸', '製造組直接人員標準作業規範', 1),
(105, '490', '陳金生', '結晶矽作業區介紹', 1),
(106, '490', '陳金生', '製造組人員規範', 1),
(107, '490', '陳金生', '結晶矽作業區安全須知', 1),
(108, '490', '陳金生', '製造組直接人員標準作業規範', 1),
(109, '491', '周敏惠', '結晶矽作業區介紹', 1),
(110, '491', '周敏惠', '製造組人員規範', 1),
(111, '491', '周敏惠', '結晶矽作業區安全須知', 1),
(112, '491', '周敏惠', '製造組直接人員標準作業規範', 1),
(113, '493', '曾詠明', '結晶矽作業區介紹', 1),
(114, '493', '曾詠明', '製造組人員規範', 1),
(115, '493', '曾詠明', '結晶矽作業區安全須知', 1),
(116, '493', '曾詠明', '製造組直接人員標準作業規範', 1),
(117, '495', '王政文', '結晶矽作業區介紹', 1),
(118, '495', '王政文', '製造組人員規範', 1),
(119, '495', '王政文', '結晶矽作業區安全須知', 1),
(120, '495', '王政文', '製造組直接人員標準作業規範', 1),
(121, '503', '林俊宇', '結晶矽作業區介紹', 1),
(122, '503', '林俊宇', '製造組人員規範', 1),
(123, '503', '林俊宇', '結晶矽作業區安全須知', 1),
(124, '503', '林俊宇', '製造組直接人員標準作業規範', 1),
(125, '504', '白惠雯', '結晶矽作業區介紹', 1),
(126, '504', '白惠雯', '製造組人員規範', 1),
(127, '504', '白惠雯', '結晶矽作業區安全須知', 1),
(128, '504', '白惠雯', '製造組直接人員標準作業規範', 1),
(129, '505', '林國龍', '結晶矽作業區介紹', 1),
(130, '505', '林國龍', '製造組人員規範', 1),
(131, '505', '林國龍', '結晶矽作業區安全須知', 1),
(132, '505', '林國龍', '製造組直接人員標準作業規範', 1),
(133, '506', '陳柏諭', '結晶矽作業區介紹', 1),
(134, '506', '陳柏諭', '製造組人員規範', 1),
(135, '506', '陳柏諭', '結晶矽作業區安全須知', 1),
(136, '506', '陳柏諭', '製造組直接人員標準作業規範', 1),
(137, '516', '葉如菁', '結晶矽作業區介紹', 1),
(138, '516', '葉如菁', '製造組人員規範', 1),
(139, '516', '葉如菁', '結晶矽作業區安全須知', 1),
(140, '516', '葉如菁', '製造組直接人員標準作業規範', 1),
(141, '518', '廖蔚松', '結晶矽作業區介紹', 1),
(142, '518', '廖蔚松', '製造組人員規範', 1),
(143, '518', '廖蔚松', '結晶矽作業區安全須知', 1),
(144, '518', '廖蔚松', '製造組直接人員標準作業規範', 1),
(145, '528', '李淑惠', '結晶矽作業區介紹', 1),
(146, '528', '李淑惠', '製造組人員規範', 1),
(147, '528', '李淑惠', '結晶矽作業區安全須知', 1),
(148, '528', '李淑惠', '製造組直接人員標準作業規範', 1),
(149, '529', '林遠香', '結晶矽作業區介紹', 1),
(150, '529', '林遠香', '製造組人員規範', 1),
(151, '529', '林遠香', '結晶矽作業區安全須知', 1),
(152, '529', '林遠香', '製造組直接人員標準作業規範', 1),
(153, '531', '何俊昱', '結晶矽作業區介紹', 1),
(154, '531', '何俊昱', '製造組人員規範', 1),
(155, '531', '何俊昱', '結晶矽作業區安全須知', 1),
(156, '531', '何俊昱', '製造組直接人員標準作業規範', 1),
(157, '533', '林健豪', '結晶矽作業區介紹', 1),
(158, '533', '林健豪', '製造組人員規範', 1),
(159, '533', '林健豪', '結晶矽作業區安全須知', 1),
(160, '533', '林健豪', '製造組直接人員標準作業規範', 1),
(161, '534', '郭生灃', '結晶矽作業區介紹', 1),
(162, '534', '郭生灃', '製造組人員規範', 1),
(163, '534', '郭生灃', '結晶矽作業區安全須知', 1),
(164, '534', '郭生灃', '製造組直接人員標準作業規範', 1),
(165, '535', '陳佩君', '結晶矽作業區介紹', 1),
(166, '535', '陳佩君', '製造組人員規範', 1),
(167, '535', '陳佩君', '結晶矽作業區安全須知', 1),
(168, '535', '陳佩君', '製造組直接人員標準作業規範', 1),
(169, '536', '蔣忠容', '結晶矽作業區介紹', 1),
(170, '536', '蔣忠容', '製造組人員規範', 1),
(171, '536', '蔣忠容', '結晶矽作業區安全須知', 1),
(172, '536', '蔣忠容', '製造組直接人員標準作業規範', 1),
(173, '537', '劉錫慶', '結晶矽作業區介紹', 1),
(174, '537', '劉錫慶', '製造組人員規範', 1),
(175, '537', '劉錫慶', '結晶矽作業區安全須知', 1),
(176, '537', '劉錫慶', '製造組直接人員標準作業規範', 1),
(177, '541', '楊淑玲', '結晶矽作業區介紹', 1),
(178, '541', '楊淑玲', '製造組人員規範', 1),
(179, '541', '楊淑玲', '結晶矽作業區安全須知', 1),
(180, '541', '楊淑玲', '製造組直接人員標準作業規範', 1),
(181, '544', '黃耀增', '結晶矽作業區介紹', 1),
(182, '544', '黃耀增', '製造組人員規範', 1),
(183, '544', '黃耀增', '結晶矽作業區安全須知', 1),
(184, '544', '黃耀增', '製造組直接人員標準作業規範', 1),
(185, '545', '林廸緯', '結晶矽作業區介紹', 1),
(186, '545', '林廸緯', '製造組人員規範', 1),
(187, '545', '林廸緯', '結晶矽作業區安全須知', 1),
(188, '545', '林廸緯', '製造組直接人員標準作業規範', 1),
(189, '546', '陳盛暉', '結晶矽作業區介紹', 1),
(190, '546', '陳盛暉', '製造組人員規範', 1),
(191, '546', '陳盛暉', '結晶矽作業區安全須知', 1),
(192, '546', '陳盛暉', '製造組直接人員標準作業規範', 1),
(193, '547', '趙柏瑞', '結晶矽作業區介紹', 1),
(194, '547', '趙柏瑞', '製造組人員規範', 1),
(195, '547', '趙柏瑞', '結晶矽作業區安全須知', 1),
(196, '547', '趙柏瑞', '製造組直接人員標準作業規範', 1),
(197, '548', '葉惠芳', '結晶矽作業區介紹', 1),
(198, '548', '葉惠芳', '製造組人員規範', 1),
(199, '548', '葉惠芳', '結晶矽作業區安全須知', 1),
(200, '548', '葉惠芳', '製造組直接人員標準作業規範', 1),
(201, '549', '王容豐', '結晶矽作業區介紹', 1),
(202, '549', '王容豐', '製造組人員規範', 1),
(203, '549', '王容豐', '結晶矽作業區安全須知', 1),
(204, '549', '王容豐', '製造組直接人員標準作業規範', 1),
(205, '555', '陳宥允', '結晶矽作業區介紹', 1),
(206, '555', '陳宥允', '製造組人員規範', 1),
(207, '555', '陳宥允', '結晶矽作業區安全須知', 1),
(208, '555', '陳宥允', '製造組直接人員標準作業規範', 1),
(209, '556', '林昭萍', '結晶矽作業區介紹', 1),
(210, '556', '林昭萍', '製造組人員規範', 1),
(211, '556', '林昭萍', '結晶矽作業區安全須知', 1),
(212, '556', '林昭萍', '製造組直接人員標準作業規範', 1),
(213, '563', '黃健軒', '結晶矽作業區介紹', 1),
(214, '563', '黃健軒', '製造組人員規範', 1),
(215, '563', '黃健軒', '結晶矽作業區安全須知', 1),
(216, '563', '黃健軒', '製造組直接人員標準作業規範', 1),
(217, '571', '黃媚娸', '結晶矽作業區介紹', 1),
(218, '571', '黃媚娸', '製造組人員規範', 1),
(219, '571', '黃媚娸', '結晶矽作業區安全須知', 1),
(220, '571', '黃媚娸', '製造組直接人員標準作業規範', 1),
(221, '572', '李俊穎', '結晶矽作業區介紹', 1),
(222, '572', '李俊穎', '製造組人員規範', 1),
(223, '572', '李俊穎', '結晶矽作業區安全須知', 1),
(224, '572', '李俊穎', '製造組直接人員標準作業規範', 1),
(225, '573', '林凱盈', '結晶矽作業區介紹', 0),
(226, '573', '林凱盈', '製造組人員規範', 0),
(227, '573', '林凱盈', '結晶矽作業區安全須知', 0),
(228, '573', '林凱盈', '製造組直接人員標準作業規範', 0),
(229, '574', '張宛毓', '結晶矽作業區介紹', 1),
(230, '574', '張宛毓', '製造組人員規範', 1),
(231, '574', '張宛毓', '結晶矽作業區安全須知', 1),
(232, '574', '張宛毓', '製造組直接人員標準作業規範', 1),
(233, '583', '王婉柔', '結晶矽作業區介紹', 1),
(234, '583', '王婉柔', '製造組人員規範', 1),
(235, '583', '王婉柔', '結晶矽作業區安全須知', 1),
(236, '583', '王婉柔', '製造組直接人員標準作業規範', 1),
(237, '584', '王群涵', '結晶矽作業區介紹', 1),
(238, '584', '王群涵', '製造組人員規範', 1),
(239, '584', '王群涵', '結晶矽作業區安全須知', 1),
(240, '584', '王群涵', '製造組直接人員標準作業規範', 1),
(241, '585', '陳亭儒', '結晶矽作業區介紹', 1),
(242, '585', '陳亭儒', '製造組人員規範', 1),
(243, '585', '陳亭儒', '結晶矽作業區安全須知', 1),
(244, '585', '陳亭儒', '製造組直接人員標準作業規範', 1),
(245, '587', '蔡明褞', '結晶矽作業區介紹', 1),
(246, '587', '蔡明褞', '製造組人員規範', 1),
(247, '587', '蔡明褞', '結晶矽作業區安全須知', 1),
(248, '587', '蔡明褞', '製造組直接人員標準作業規範', 1),
(249, '588', '林為成', '結晶矽作業區介紹', 1),
(250, '588', '林為成', '製造組人員規範', 1),
(251, '588', '林為成', '結晶矽作業區安全須知', 1),
(252, '588', '林為成', '製造組直接人員標準作業規範', 1),
(253, '598', '林嘉俊', '結晶矽作業區介紹', 1),
(254, '598', '林嘉俊', '製造組人員規範', 1),
(255, '598', '林嘉俊', '結晶矽作業區安全須知', 1),
(256, '598', '林嘉俊', '製造組直接人員標準作業規範', 1),
(257, '599', '陳信安', '結晶矽作業區介紹', 1),
(258, '599', '陳信安', '製造組人員規範', 1),
(259, '599', '陳信安', '結晶矽作業區安全須知', 1),
(260, '599', '陳信安', '製造組直接人員標準作業規範', 1),
(261, '605', '李葦瀚', '結晶矽作業區介紹', 1),
(262, '605', '李葦瀚', '製造組人員規範', 1),
(263, '605', '李葦瀚', '結晶矽作業區安全須知', 1),
(264, '605', '李葦瀚', '製造組直接人員標準作業規範', 1),
(265, '606', '施文婷', '結晶矽作業區介紹', 1),
(266, '606', '施文婷', '製造組人員規範', 1),
(267, '606', '施文婷', '結晶矽作業區安全須知', 1),
(268, '606', '施文婷', '製造組直接人員標準作業規範', 1),
(269, '619', '葉俊傑', '結晶矽作業區介紹', 1),
(270, '619', '葉俊傑', '製造組人員規範', 1),
(271, '619', '葉俊傑', '結晶矽作業區安全須知', 1),
(272, '619', '葉俊傑', '製造組直接人員標準作業規範', 1),
(273, '620', '柯淑娟', '結晶矽作業區介紹', 1),
(274, '620', '柯淑娟', '製造組人員規範', 1),
(275, '620', '柯淑娟', '結晶矽作業區安全須知', 1),
(276, '620', '柯淑娟', '製造組直接人員標準作業規範', 1),
(277, '621', '王稚翔', '結晶矽作業區介紹', 1),
(278, '621', '王稚翔', '製造組人員規範', 1),
(279, '621', '王稚翔', '結晶矽作業區安全須知', 1),
(280, '621', '王稚翔', '製造組直接人員標準作業規範', 1),
(281, '604', '鄭祖元', '結晶矽作業區介紹', 1),
(282, '604', '鄭祖元', '製造組人員規範', 1),
(283, '604', '鄭祖元', '結晶矽作業區安全須知', 1),
(284, '604', '鄭祖元', '製造組直接人員標準作業規範', 1),
(285, '604', '鄭祖元', '基層主管教育訓練', 1),
(286, '604', '鄭祖元', '管制圖', 1),
(287, '604', '鄭祖元', '生產排程簡介', 1),
(288, '604', '鄭祖元', '製造組異常事件處理流程', 1),
(289, '604', '鄭祖元', '品管圈', 1),
(290, '604', '鄭祖元', '生產管理報表設計與規劃', 1),
(291, '618', '詹智翔', '結晶矽作業區介紹', 1),
(292, '618', '詹智翔', '製造組人員規範', 1),
(293, '618', '詹智翔', '結晶矽作業區安全須知', 1),
(294, '618', '詹智翔', '製造組直接人員標準作業規範', 1),
(295, '618', '詹智翔', '基層主管教育訓練', 1),
(296, '618', '詹智翔', '管制圖', 1),
(297, '618', '詹智翔', '生產排程簡介', 1),
(298, '618', '詹智翔', '製造組異常事件處理流程', 1),
(299, '618', '詹智翔', '品管圈', 1),
(300, '618', '詹智翔', '生產管理報表設計與規劃', 1),
(301, '569', '陳筱筠', '結晶矽作業區介紹', 1),
(302, '569', '陳筱筠', '製造組人員規範', 1),
(303, '569', '陳筱筠', '結晶矽作業區安全須知', 1),
(304, '569', '陳筱筠', '製造組直接人員標準作業規範', 1),
(305, '569', '陳筱筠', '基層主管教育訓練', 1),
(306, '628', '吳禹鈞', '結晶矽作業區介紹', 1),
(307, '628', '吳禹鈞', '製造組人員規範', 1),
(308, '628', '吳禹鈞', '結晶矽作業區安全須知', 1),
(309, '628', '吳禹鈞', '製造組直接人員標準作業規範', 1),
(310, '629', '徐靜儀', '結晶矽作業區介紹', 1),
(311, '629', '徐靜儀', '製造組人員規範', 1),
(312, '629', '徐靜儀', '結晶矽作業區安全須知', 1),
(313, '629', '徐靜儀', '製造組直接人員標準作業規範', 1),
(314, '409', '林彥亨', '結晶矽作業區介紹', 1),
(315, '409', '林彥亨', '製造組人員規範', 1),
(316, '409', '林彥亨', '結晶矽作業區安全須知', 1),
(317, '409', '林彥亨', '製造組直接人員標準作業規範', 1),
(318, '409', '林彥亨', '基層主管教育訓練', 1),
(319, '409', '林彥亨', '管制圖', 1),
(320, '409', '林彥亨', '生產排程簡介', 1),
(321, '409', '林彥亨', '製造組異常事件處理流程', 1),
(322, '409', '林彥亨', '品管圈', 1),
(323, '409', '林彥亨', '生產管理報表設計與規劃', 1),
(324, '076', '黃冠智', '結晶矽作業區介紹', 1),
(325, '076', '黃冠智', '製造組人員規範', 1),
(326, '076', '黃冠智', '結晶矽作業區安全須知', 1),
(327, '076', '黃冠智', '製造組直接人員標準作業規範', 1),
(328, '076', '黃冠智', '基層主管教育訓練', 1),
(329, '076', '黃冠智', '管制圖', 1),
(330, '076', '黃冠智', '生產排程簡介', 1),
(331, '076', '黃冠智', '製造組異常事件處理流程', 1),
(332, '076', '黃冠智', '品管圈', 1),
(333, '076', '黃冠智', '生產管理報表設計與規劃', 1),
(334, '152', '姚紹貿', '結晶矽作業區介紹', 1),
(335, '152', '姚紹貿', '製造組人員規範', 1),
(336, '152', '姚紹貿', '結晶矽作業區安全須知', 1),
(337, '152', '姚紹貿', '製造組直接人員標準作業規範', 1),
(338, '152', '姚紹貿', '基層主管教育訓練', 1),
(339, '152', '姚紹貿', '管制圖', 1),
(340, '152', '姚紹貿', '生產排程簡介', 1),
(341, '152', '姚紹貿', '製造組異常事件處理流程', 1),
(342, '152', '姚紹貿', '品管圈', 1),
(343, '152', '姚紹貿', '生產管理報表設計與規劃', 1),
(344, '229', '楊志文', '結晶矽作業區介紹', 1),
(345, '229', '楊志文', '製造組人員規範', 1),
(346, '229', '楊志文', '結晶矽作業區安全須知', 1),
(347, '229', '楊志文', '製造組直接人員標準作業規範', 1),
(348, '229', '楊志文', '基層主管教育訓練', 1),
(349, '229', '楊志文', '管制圖', 1),
(350, '229', '楊志文', '生產排程簡介', 1),
(351, '229', '楊志文', '製造組異常事件處理流程', 1),
(352, '229', '楊志文', '品管圈', 1),
(353, '229', '楊志文', '生產管理報表設計與規劃', 1),
(354, '138', '張怡笳', '結晶矽作業區介紹', 1),
(355, '138', '張怡笳', '結晶矽作業區安全須知', 1),
(356, '138', '張怡笳', '製造組人員規範', 1),
(357, '138', '張怡笳', '製造組直接人員標準作業規範', 1),
(358, '138', '張怡笳', '基層主管教育訓練', 1),
(359, '138', '張怡笳', '管制圖', 1),
(360, '138', '張怡笳', '生產排程簡介', 1),
(361, '138', '張怡笳', '製造組異常事件處理流程', 1),
(362, '138', '張怡笳', '品管圈', 1),
(363, '138', '張怡笳', '生產管理報表設計與規劃', 1),
(364, '525', '蘇冠憲', '結晶矽作業區介紹', 1),
(365, '525', '蘇冠憲', '結晶矽作業區安全須知', 1),
(366, '525', '蘇冠憲', '製造組人員規範', 1),
(367, '525', '蘇冠憲', '製造組直接人員標準作業規範', 1),
(368, '525', '蘇冠憲', '基層主管教育訓練', 1),
(369, '525', '蘇冠憲', '管制圖', 1),
(370, '525', '蘇冠憲', '生產排程簡介', 1),
(371, '525', '蘇冠憲', '製造組異常事件處理流程', 1),
(372, '525', '蘇冠憲', '品管圈', 1),
(373, '525', '蘇冠憲', '生產管理報表設計與規劃', 1),
(374, '632', '鄔佳珍', '結晶矽作業區介紹', 1),
(375, '632', '鄔佳珍', '結晶矽作業區安全須知', 1),
(376, '632', '鄔佳珍', '製造組人員規範', 1),
(377, '632', '鄔佳珍', '製造組直接人員標準作業規範', 1),
(378, '633', '葉乃菁', '結晶矽作業區介紹', 1),
(379, '633', '葉乃菁', '結晶矽作業區安全須知', 1),
(380, '633', '葉乃菁', '製造組人員規範', 1),
(381, '633', '葉乃菁', '製造組直接人員標準作業規範', 1),
(382, '634', '范淑美', '結晶矽作業區介紹', 1),
(383, '634', '范淑美', '結晶矽作業區安全須知', 1),
(384, '634', '范淑美', '製造組人員規範', 1),
(385, '634', '范淑美', '製造組直接人員標準作業規範', 1),
(386, '642', '周雲皓', '結晶矽作業區介紹', 1),
(387, '642', '周雲皓', '結晶矽作業區安全須知', 1),
(388, '642', '周雲皓', '製造組人員規範', 1),
(389, '642', '周雲皓', '製造組直接人員標準作業規範', 1),
(390, '644', '黃煜青', '結晶矽作業區介紹', 1),
(391, '644', '黃煜青', '結晶矽作業區安全須知', 1),
(392, '644', '黃煜青', '製造組人員規範', 1),
(393, '644', '黃煜青', '製造組直接人員標準作業規範', 1),
(394, '646', '梁玉蓮', '結晶矽作業區介紹', 1),
(395, '646', '梁玉蓮', '結晶矽作業區安全須知', 1),
(396, '646', '梁玉蓮', '製造組人員規範', 1),
(397, '646', '梁玉蓮', '製造組直接人員標準作業規範', 1),
(398, '647', '陳世得', '結晶矽作業區介紹', 1),
(399, '647', '陳世得', '結晶矽作業區安全須知', 1),
(400, '647', '陳世得', '製造組人員規範', 1),
(401, '647', '陳世得', '製造組直接人員標準作業規範', 1),
(402, '649', '沈臻欣', '結晶矽作業區介紹', 1),
(403, '649', '沈臻欣', '結晶矽作業區安全須知', 1),
(404, '649', '沈臻欣', '製造組人員規範', 1),
(405, '649', '沈臻欣', '製造組直接人員標準作業規範', 1),
(406, '650', '郭怡岑', '結晶矽作業區介紹', 1),
(407, '650', '郭怡岑', '結晶矽作業區安全須知', 1),
(408, '650', '郭怡岑', '製造組人員規範', 1),
(409, '650', '郭怡岑', '製造組直接人員標準作業規範', 1),
(410, '652', '楊秋芬', '結晶矽作業區介紹', 1),
(411, '652', '楊秋芬', '結晶矽作業區安全須知', 1),
(412, '652', '楊秋芬', '製造組人員規範', 1),
(413, '652', '楊秋芬', '製造組直接人員標準作業規範', 1),
(414, '653', '謝振維', '結晶矽作業區介紹', 1),
(415, '653', '謝振維', '結晶矽作業區安全須知', 1),
(416, '653', '謝振維', '製造組人員規範', 1),
(417, '653', '謝振維', '製造組直接人員標準作業規範', 1),
(418, '656', '王祥帆', '結晶矽作業區介紹', 1),
(419, '656', '王祥帆', '結晶矽作業區安全須知', 1),
(420, '656', '王祥帆', '製造組人員規範', 1),
(421, '656', '王祥帆', '製造組直接人員標準作業規範', 1),
(422, '657', '吳振龍', '結晶矽作業區介紹', 1),
(423, '657', '吳振龍', '結晶矽作業區安全須知', 1),
(424, '657', '吳振龍', '製造組人員規範', 1),
(425, '657', '吳振龍', '製造組直接人員標準作業規範', 1),
(426, '643', '高家慶', '結晶矽作業區介紹', 1),
(427, '643', '高家慶', '結晶矽作業區安全須知', 1),
(428, '643', '高家慶', '製造組人員規範', 1),
(429, '643', '高家慶', '製造組直接人員標準作業規範', 1),
(430, '645', '郭弦恆', '結晶矽作業區介紹', 1),
(431, '645', '郭弦恆', '結晶矽作業區安全須知', 1),
(432, '645', '郭弦恆', '製造組人員規範', 1),
(433, '645', '郭弦恆', '製造組直接人員標準作業規範', 1),
(434, '658', '賈振周', '結晶矽作業區介紹', 1),
(435, '658', '賈振周', '結晶矽作業區安全須知', 1),
(436, '658', '賈振周', '製造組人員規範', 1),
(437, '658', '賈振周', '製造組直接人員標準作業規範', 1);

-- --------------------------------------------------------

--
-- 資料表結構 `person_class_record`
--

CREATE TABLE `person_class_record` (
  `id` int(11) NOT NULL,
  `person_class_id` int(11) DEFAULT NULL,
  `class_date` date DEFAULT NULL COMMENT '上課日期',
  `test_date` date DEFAULT NULL,
  `test_score` int(11) DEFAULT NULL COMMENT '測驗分數'
) ENGINE=InnoDB DEFAULT CHARSET=utf8 COLLATE=utf8_bin COMMENT='人員課程紀錄';

--
-- 資料表的匯出資料 `person_class_record`
--

INSERT INTO `person_class_record` (`id`, `person_class_id`, `class_date`, `test_date`, `test_score`) VALUES
(1, 1, '2018-05-29', '2018-05-29', 100),
(2, 2, '2018-07-31', '2018-07-31', 100),
(3, 3, '2015-06-26', '2015-06-26', 94),
(4, 4, '2015-09-25', '2015-09-25', 100),
(5, 5, '2018-05-29', '2018-05-29', 100),
(6, 6, '2018-07-31', '2018-07-31', 100),
(7, 7, '2015-06-26', '2015-06-26', 100),
(8, 8, '2015-09-25', '2015-09-25', 100),
(9, 9, '2018-05-29', '2018-06-01', 100),
(10, 10, '2018-07-31', '2018-07-31', 100),
(11, 11, '2015-06-26', '2015-06-26', 100),
(12, 12, '2015-09-25', '2015-09-25', 100),
(13, 13, '2018-04-11', '2018-04-11', 100),
(14, 14, '2018-04-11', '2018-04-11', 100),
(15, 15, '2018-04-20', '2018-04-20', 90),
(16, 16, '2018-04-20', '2018-04-20', 85),
(17, 17, '2018-04-11', '2018-04-11', 92),
(18, 18, '2018-04-11', '2018-04-11', 100),
(19, 19, '2018-04-20', '2018-04-20', 100),
(20, 20, '2018-04-20', '2018-04-20', 95),
(21, 21, '2018-04-11', '2018-04-11', 100),
(22, 22, '2018-04-11', '2018-04-11', 95),
(23, 23, '2018-04-20', '2018-04-20', 85),
(24, 24, '2018-04-20', '2018-04-20', 90),
(25, 25, '2018-04-11', '2018-04-11', 96),
(26, 26, '2018-04-11', '2018-04-11', 95),
(27, 27, '2018-04-20', '2018-04-20', 95),
(28, 28, '2018-04-20', '2018-04-20', 85),
(29, 29, '2018-04-11', '2018-04-11', 96),
(30, 30, '2018-04-11', '2018-04-11', 95),
(31, 31, '2018-04-20', '2018-04-20', 90),
(32, 32, '2018-04-20', '2018-04-20', 95),
(33, 33, '2018-04-11', '2018-04-11', 96),
(34, 34, '2018-04-11', '2018-04-11', 100),
(35, 35, '2018-04-20', '2018-04-20', 95),
(36, 36, '2018-04-20', '2018-04-20', 95),
(37, 37, '2018-04-11', '2018-04-11', 96),
(38, 38, '2018-04-11', '2018-04-11', 100),
(39, 39, '2018-04-20', '2018-04-20', 95),
(40, 40, '2018-04-20', '2018-04-20', 90),
(41, 41, '2018-04-11', '2018-04-11', 100),
(42, 42, '2018-04-11', '2018-04-11', 95),
(43, 43, '2018-04-20', '2018-04-20', 80),
(44, 44, '2018-04-20', '2018-04-20', 95),
(45, 45, '2018-04-11', '2018-04-11', 100),
(46, 46, '2018-04-11', '2018-04-11', 90),
(47, 47, '2018-04-20', '2018-04-20', 80),
(48, 48, '2018-04-20', '2018-04-20', 85),
(49, 49, '2018-04-11', '2018-04-11', 100),
(50, 50, '2018-04-11', '2018-04-11', 95),
(51, 51, '2018-04-20', '2018-04-20', 90),
(52, 52, '2018-04-20', '2018-04-20', 90),
(53, 53, '2018-04-11', '2018-04-11', 80),
(54, 54, '2018-04-11', '2018-04-11', 100),
(55, 55, '2018-04-20', '2018-04-20', 90),
(56, 56, '2018-04-20', '2018-04-20', 95),
(57, 57, '2018-04-11', '2018-04-11', 100),
(58, 58, '2018-04-11', '2018-04-11', 95),
(59, 59, '2018-04-20', '2018-04-20', 85),
(60, 60, '2018-04-20', '2018-04-20', 95),
(61, 61, '2018-04-11', '2018-04-11', 88),
(62, 62, '2018-04-11', '2018-04-11', 95),
(63, 63, '2018-04-20', '2018-04-20', 95),
(64, 64, '2018-04-20', '2018-04-20', 80),
(65, 65, '2018-04-11', '2018-04-11', 96),
(66, 66, '2018-04-11', '2018-04-11', 95),
(67, 67, '2018-04-20', '2018-04-20', 90),
(68, 68, '2018-04-20', '2018-04-20', 80),
(69, 69, '2018-04-11', '2018-04-11', 96),
(70, 70, '2018-04-11', '2018-04-11', 100),
(71, 71, '2018-04-20', '2018-04-20', 100),
(72, 72, '2018-04-20', '2018-04-20', 85),
(73, 73, '2018-05-03', '2018-05-03', 100),
(74, 74, '2018-05-03', '2018-05-03', 100),
(75, 75, '2018-04-20', '2018-04-20', 85),
(76, 76, '2018-04-20', '2018-04-20', 85),
(77, 77, '2018-05-03', '2018-05-03', 100),
(78, 78, '2018-05-03', '2018-05-03', 100),
(79, 79, NULL, NULL, NULL),
(80, 80, '2018-07-18', '2018-07-18', 95),
(81, 81, '2018-05-03', '2018-05-03', 96),
(82, 82, '2018-05-03', '2018-05-03', 95),
(83, 83, '2018-04-20', '2018-04-20', 80),
(84, 84, '2018-04-20', '2018-04-20', 90),
(85, 85, '2018-05-03', '2018-05-03', 92),
(86, 86, '2018-05-03', '2018-05-03', 95),
(87, 87, '2018-04-20', '2018-04-20', 85),
(88, 88, '2018-04-20', '2018-04-20', 85),
(89, 89, '2018-05-03', '2018-05-03', 100),
(90, 90, '2018-05-03', '2018-05-03', 100),
(91, 91, '2018-04-20', '2018-04-20', 85),
(92, 92, '2018-04-20', '2018-04-20', 90),
(93, 93, '2018-05-03', '2018-05-03', 96),
(94, 94, '2018-05-03', '2018-05-03', 100),
(95, 95, '2018-04-20', '2018-04-20', 90),
(96, 96, '2018-04-20', '2018-04-20', 85),
(97, 97, '2018-05-03', '2018-05-03', 92),
(98, 98, '2018-05-03', '2018-05-03', 95),
(99, 99, '2018-04-20', '2018-04-20', 90),
(100, 100, '2018-04-20', '2018-04-20', 95),
(101, 101, '2018-05-03', '2018-05-03', 96),
(102, 102, '2018-05-03', '2018-05-03', 90),
(103, 103, '2018-07-18', '2018-07-18', 95),
(104, 104, '2018-07-18', '2018-07-18', 95),
(105, 105, '2018-05-03', '2018-05-03', 92),
(106, 106, '2018-05-03', '2018-05-03', 100),
(107, 107, '2018-07-18', '2018-07-18', 95),
(108, 108, '2018-07-18', '2018-07-18', 80),
(109, 109, '2018-05-03', '2018-05-03', 96),
(110, 110, '2018-05-03', '2018-05-03', 100),
(111, 111, '2018-07-18', '2018-07-18', 95),
(112, 112, '2018-07-18', '2018-07-18', 90),
(113, 113, '2018-05-03', '2018-05-03', 100),
(114, 114, '2018-05-03', '2018-05-03', 90),
(115, 115, '2018-07-18', '2018-07-18', 85),
(116, 116, '2018-07-18', '2018-07-18', 95),
(117, 117, '2018-05-03', '2018-05-03', 92),
(118, 118, '2018-05-03', '2018-05-03', 95),
(119, 119, '2018-07-18', '2018-07-18', 80),
(120, 120, '2018-07-18', '2018-07-18', 90),
(121, 121, NULL, NULL, NULL),
(122, 122, NULL, NULL, NULL),
(123, 123, '2018-07-18', '2018-07-18', 85),
(124, 124, '2018-07-18', '2018-07-18', 85),
(125, 125, '2018-10-26', '2018-10-26', 92),
(126, 126, '2018-10-26', '2018-10-26', 95),
(127, 127, '2018-07-18', '2018-07-18', 95),
(128, 128, '2018-07-18', '2018-07-18', 90),
(129, 129, '2018-10-26', '2018-10-26', 96),
(130, 130, '2018-10-26', '2018-10-26', 95),
(131, 131, '2018-07-18', '2018-07-18', 85),
(132, 132, '2018-07-18', '2018-07-18', 95),
(133, 133, '2018-10-26', '2018-10-26', 100),
(134, 134, '2018-10-26', '2018-10-26', 100),
(135, 135, '2018-07-18', '2018-07-18', 90),
(136, 136, '2018-07-18', '2018-07-18', 100),
(137, 137, NULL, NULL, NULL),
(138, 138, NULL, NULL, NULL),
(139, 139, '2018-07-18', '2018-07-18', 95),
(140, 140, '2018-07-18', '2018-07-18', 85),
(141, 141, '2018-10-26', '2018-10-26', 100),
(142, 142, '2018-10-26', '2018-10-26', 100),
(143, 143, '2018-07-18', '2018-07-18', 95),
(144, 144, '2018-07-18', '2018-07-18', 100),
(145, 145, '2018-10-26', '2018-10-26', 92),
(146, 146, '2018-10-26', '2018-10-26', 100),
(147, 147, '2018-07-18', '2018-07-18', 95),
(148, 148, '2018-07-18', '2018-07-18', 95),
(149, 149, NULL, NULL, NULL),
(150, 150, NULL, NULL, NULL),
(151, 151, '2018-07-18', '2018-07-18', 90),
(152, 152, '2018-07-18', '2018-07-18', 90),
(153, 153, '2018-10-26', '2018-10-26', 96),
(154, 154, '2018-10-26', '2018-10-26', 90),
(155, 155, '2018-07-18', '2018-07-18', 100),
(156, 156, '2018-07-18', '2018-07-18', 85),
(157, 157, '2018-10-26', '2018-10-26', 96),
(158, 158, '2018-10-26', '2018-10-26', 100),
(159, 159, '2018-07-18', '2018-07-18', 100),
(160, 160, '2018-07-18', '2018-07-18', 90),
(161, 161, '2018-10-26', '2018-10-26', 100),
(162, 162, '2018-10-26', '2018-10-26', 100),
(163, 163, '2018-07-18', '2018-07-18', 80),
(164, 164, '2018-07-18', '2018-07-18', 85),
(165, 165, NULL, NULL, NULL),
(166, 166, NULL, NULL, NULL),
(167, 167, '2018-07-18', '2018-07-18', 95),
(168, 168, '2018-07-18', '2018-07-18', 90),
(169, 169, '2018-10-26', '2018-10-26', 88),
(170, 170, '2018-10-26', '2018-10-26', 95),
(171, 171, '2018-07-18', '2018-07-18', 100),
(172, 172, '2018-07-18', '2018-07-18', 90),
(173, 173, '2018-10-26', '2018-10-26', 84),
(174, 174, '2018-10-26', '2018-10-26', 95),
(175, 175, '2018-07-18', '2018-07-18', 100),
(176, 176, '2018-07-18', '2018-07-18', 85),
(177, 177, '2018-10-26', '2018-10-26', 88),
(178, 178, '2018-10-26', '2018-10-26', 100),
(179, 179, '2018-07-18', '2018-07-18', 95),
(180, 180, '2018-07-18', '2018-07-18', 100),
(181, 181, '2018-10-26', '2018-10-26', 88),
(182, 182, '2018-10-26', '2018-10-26', 100),
(183, 183, '2018-07-18', '2018-07-18', 85),
(184, 184, '2018-07-18', '2018-07-18', 100),
(185, 185, '2018-10-26', '2018-10-26', 88),
(186, 186, '2018-10-26', '2018-10-26', 100),
(187, 187, '2018-07-18', '2018-07-18', 100),
(188, 188, '2018-07-18', '2018-07-18', 95),
(189, 189, '2018-10-26', '2018-10-26', 96),
(190, 190, '2018-10-26', '2018-10-26', 95),
(191, 191, '2018-07-18', '2018-07-18', 80),
(192, 192, '2018-07-18', '2018-07-18', 100),
(195, 195, '2018-07-18', '2018-07-18', 100),
(196, 196, '2018-07-18', '2018-07-18', 95),
(197, 197, '2018-10-26', '2018-10-26', 88),
(198, 198, '2018-10-26', '2018-10-26', 100),
(199, 199, '2018-07-18', '2018-07-18', 100),
(200, 200, '2018-07-18', '2018-07-18', 95),
(201, 201, '2018-10-26', '2018-10-26', 96),
(202, 202, '2018-10-26', '2018-10-26', 100),
(203, 203, '2018-07-18', '2018-07-18', 90),
(204, 204, '2018-07-18', '2018-07-18', 95),
(205, 205, NULL, NULL, NULL),
(206, 206, NULL, NULL, NULL),
(207, 207, '2018-07-18', '2018-07-18', 85),
(208, 208, '2018-07-18', '2018-07-18', 100),
(209, 209, NULL, NULL, NULL),
(210, 210, NULL, NULL, NULL),
(211, 211, '2018-07-18', '2018-07-18', 85),
(212, 212, '2018-07-18', '2018-07-18', 100),
(213, 213, '2018-10-26', '2018-10-26', 96),
(214, 214, '2018-10-26', '2018-10-26', 100),
(215, 215, '2018-10-30', '2018-10-30', 95),
(216, 216, '2018-10-30', '2018-10-30', 95),
(217, 217, NULL, NULL, NULL),
(218, 218, NULL, NULL, NULL),
(219, 219, '2018-10-29', '2018-10-29', 90),
(220, 220, NULL, NULL, NULL),
(221, 221, '2018-10-26', '2018-10-26', 88),
(222, 222, '2018-10-26', '2018-10-26', 85),
(223, 223, '2018-10-30', '2018-10-30', 95),
(224, 224, '2018-10-30', '2018-10-30', 95),
(225, 225, '2018-10-26', '2018-10-26', 88),
(226, 226, '2018-10-26', '2018-10-26', 100),
(227, 227, NULL, NULL, NULL),
(228, 228, NULL, NULL, NULL),
(229, 229, '2018-10-26', '2018-10-26', 100),
(230, 230, '2018-10-26', '2018-10-26', 100),
(231, 231, '2018-10-30', '2018-10-30', 90),
(232, 232, '2018-10-30', '2018-10-30', 100),
(233, 233, '2018-10-26', '2018-10-26', 100),
(234, 234, '2018-10-26', '2018-10-26', 100),
(235, 235, '2018-10-30', '2018-10-30', 95),
(236, 236, '2018-10-30', '2018-10-30', 100),
(237, 237, NULL, NULL, NULL),
(238, 238, NULL, NULL, NULL),
(239, 239, '2018-04-30', '2018-10-29', 90),
(240, 240, NULL, NULL, NULL),
(241, 241, NULL, NULL, NULL),
(242, 242, NULL, NULL, NULL),
(243, 243, '2018-10-30', '2018-10-30', 85),
(244, 244, '2018-10-30', '2018-10-30', 90),
(245, 245, NULL, NULL, NULL),
(246, 246, NULL, NULL, NULL),
(247, 247, '2018-10-30', '2018-10-30', 80),
(248, 248, '2018-10-30', '2018-10-30', 85),
(249, 249, '2018-10-26', '2018-10-26', 96),
(250, 250, '2018-10-26', '2018-10-26', 100),
(251, 251, '2018-10-30', '2018-10-30', 90),
(252, 252, '2018-10-30', '2018-10-30', 100),
(253, 253, '2018-10-26', '2018-10-26', 92),
(254, 254, '2018-10-26', '2018-10-26', 100),
(255, 255, '2018-10-30', '2018-10-30', 95),
(256, 256, '2018-10-30', '2018-10-30', 100),
(257, 257, '2018-10-26', '2018-10-26', 92),
(258, 258, '2018-10-26', '2018-10-26', 95),
(259, 259, '2018-10-30', '2018-10-30', 90),
(260, 260, '2018-10-30', '2018-10-30', 100),
(261, 261, '2018-10-26', '2018-10-26', 92),
(262, 262, '2018-10-26', '2018-10-26', 100),
(263, 263, '2018-10-30', '2018-10-30', 95),
(264, 264, '2018-10-30', '2018-10-30', 100),
(265, 265, '2018-10-26', '2018-10-26', 92),
(266, 266, '2018-10-26', '2018-10-26', 100),
(267, 267, '2018-10-30', '2018-10-30', 90),
(268, 268, '2018-10-30', '2018-10-30', 85),
(270, 270, '2018-10-31', '2018-10-31', 100),
(271, 271, '2018-10-30', '2018-10-30', 90),
(272, 272, '2018-10-30', '2018-10-30', 85),
(273, 273, '2018-10-26', '2018-10-26', 100),
(274, 274, '2018-10-26', '2018-10-26', 100),
(275, 275, '2018-10-30', '2018-10-30', 100),
(276, 276, '2018-10-30', '2018-10-30', 100),
(277, 277, NULL, NULL, NULL),
(278, 278, NULL, NULL, NULL),
(279, 279, '2018-10-30', '2018-10-30', 90),
(280, 280, '2018-10-30', '2018-10-30', 80),
(281, 281, '2018-10-26', '2018-10-26', 92),
(282, 282, '2018-10-26', '2018-10-26', 100),
(283, 283, '2018-10-30', '2018-10-30', 85),
(284, 284, '2018-10-30', '2018-10-30', 100),
(285, 291, '2018-10-26', '2018-10-26', 92),
(286, 292, '2018-10-26', '2018-10-26', 95),
(287, 293, '2018-10-30', '2018-10-30', 100),
(288, 294, '2018-10-30', '2018-10-30', 100),
(289, 301, '2018-10-26', '2018-10-26', 100),
(290, 302, '2018-10-26', '2018-10-26', 95),
(291, 303, '2018-10-30', '2018-10-30', 100),
(292, 304, '2018-10-30', '2018-10-30', 95),
(293, 306, '2018-10-26', '2018-10-26', 88),
(294, 307, '2018-10-26', '2018-10-26', 100),
(295, 308, '2018-10-30', '2018-10-30', 85),
(296, 309, '2018-10-30', '2018-10-30', 85),
(297, 310, '2018-10-26', '2018-10-26', 92),
(298, 311, '2018-10-26', '2018-10-26', 100),
(299, 312, '2018-10-30', '2018-10-30', 95),
(300, 313, '2018-10-30', '2018-10-30', 100),
(301, 314, '2018-04-11', '2018-04-11', 100),
(302, 315, '2018-04-11', '2018-04-11', 100),
(303, 316, '2018-04-20', '2018-04-20', 95),
(304, 317, '2018-04-20', '2018-04-20', 100),
(305, 324, '2015-05-29', '2015-05-29', 100),
(306, 325, '2015-07-31', '2015-07-31', 100),
(307, 326, '2015-06-26', '2015-06-26', 100),
(308, 327, '2015-09-25', '2015-09-25', 100),
(309, 334, '2015-05-29', '2015-05-29', 100),
(310, 335, '2015-07-31', '2018-08-03', 100),
(311, 336, '2015-06-26', '2015-06-26', 97),
(312, 337, '2015-09-25', '2015-09-25', 100),
(313, 344, '2015-05-29', '2015-05-29', 100),
(314, 345, '2015-07-31', '2015-07-31', 100),
(315, 346, '2015-06-26', '2015-06-26', 100),
(316, 347, '2015-09-25', '2015-09-25', 95),
(317, 79, '2018-07-18', '2018-07-18', 0),
(318, 79, '2018-07-18', '2018-07-18', 0),
(319, 79, '2018-07-18', '2018-07-18', 100),
(320, 355, '2018-10-29', '2018-10-29', 100),
(322, 357, '2016-12-30', '2016-04-08', 100),
(323, 240, '2018-10-30', '2018-10-30', 85),
(324, 220, '2018-10-29', '2018-10-29', 100),
(325, 193, '2018-11-07', '2018-10-31', 100),
(326, 269, '2018-11-01', '2018-10-31', 100),
(327, 354, '2016-12-09', '2016-04-08', 100),
(328, 205, '2018-11-07', '2018-10-30', 96),
(329, 237, '2018-11-01', '2018-10-29', 92),
(330, 137, '2018-11-07', '2018-11-03', 92),
(331, 149, '2018-11-01', '2018-10-30', 84),
(332, 165, '2018-11-01', '2018-10-30', 92),
(333, 121, '2018-10-31', '2018-10-31', 92),
(334, 364, '2018-10-28', '2018-10-28', 100),
(335, 217, '2018-11-01', '2018-10-29', 100),
(336, 245, '2018-11-01', '2018-10-31', 100),
(337, 277, '2018-10-31', '2018-10-31', 88),
(338, 241, '2018-11-01', '2018-10-31', 100),
(339, 209, '2018-10-31', '2018-10-31', 100),
(340, 194, '2018-11-07', '2018-10-30', 100),
(341, 356, '2016-12-16', '2016-04-08', 100),
(342, 206, '2018-11-07', '2018-10-30', 100),
(343, 238, '2018-10-29', '2018-10-29', 90),
(344, 138, '2018-11-07', '2018-11-03', 95),
(345, 150, '2018-11-01', '2018-10-30', 95),
(346, 166, '2018-10-30', '2018-10-30', 95),
(347, 122, '2018-11-09', '2018-11-09', 100),
(348, 366, '2018-10-28', '2018-10-28', 100),
(349, 218, '2018-10-29', '2018-10-29', 100),
(350, 246, '2018-10-31', '2018-10-31', 100),
(351, 278, '2018-10-31', '2018-10-31', 95),
(352, 242, '2018-10-31', '2018-10-31', 100),
(353, 210, '2018-10-31', '2018-10-31', 100),
(354, 376, '2018-12-13', '2018-12-13', 100),
(355, 380, '2018-12-13', '2018-12-13', 100),
(356, 384, '2018-12-13', '2018-12-13', 100),
(357, 388, '2018-12-13', '2018-12-13', 100),
(358, 392, '2018-12-13', '2018-12-13', 100),
(359, 428, '2018-12-13', '2018-12-13', 95),
(360, 432, '2018-12-13', '2018-12-13', 100),
(361, 396, '2018-12-13', '2018-12-13', 100),
(362, 400, '2018-12-13', '2018-12-13', 100),
(363, 404, '2018-12-13', '2018-12-13', 100),
(364, 408, '2018-12-13', '2018-12-13', 90),
(365, 412, '2018-12-13', '2018-12-13', 90),
(366, 420, '2018-12-13', '2018-12-13', 100),
(367, 424, '2018-12-13', '2018-12-13', 100),
(368, 436, '2018-12-13', '2018-12-13', 100),
(369, 374, '2018-12-13', '2018-12-13', 96),
(370, 378, '2018-12-13', '2018-12-13', 100),
(371, 382, '2018-12-13', '2018-12-13', 92),
(372, 386, '2018-12-13', '2018-12-13', 96),
(373, 426, '2018-12-13', '2018-12-13', 96),
(374, 390, '2018-12-13', '2018-12-13', 88),
(375, 430, '2018-12-13', '2018-12-13', 88),
(376, 394, '2018-12-13', '2018-12-13', 80),
(377, 398, '2018-12-13', '2018-12-13', 96),
(378, 402, '2018-12-13', '2018-12-13', 96),
(379, 406, '2018-12-13', '2018-12-13', 80),
(380, 410, '2018-12-13', '2018-12-13', 88),
(381, 418, '2018-12-13', '2018-12-13', 84),
(382, 422, '2018-12-13', '2018-12-13', 80),
(383, 434, '2018-12-13', '2018-12-13', 80),
(384, 375, '2018-12-14', '2018-12-14', 95),
(385, 379, '2018-12-14', '2018-12-14', 95),
(386, 383, '2018-12-14', '2018-12-14', 95),
(387, 387, '2018-12-14', '2018-12-14', 95),
(388, 427, '2018-12-14', '2018-12-14', 95),
(389, 391, '2018-12-14', '2018-12-14', 90),
(390, 431, '2018-12-14', '2018-12-14', 90),
(391, 395, '2018-12-14', '2018-12-14', 95),
(392, 399, '2018-12-14', '2018-12-14', 95),
(393, 403, '2018-12-14', '2018-12-14', 95),
(394, 407, '2018-12-14', '2018-12-14', 95),
(395, 411, '2018-12-14', '2018-12-14', 95),
(396, 415, '2018-12-14', '2018-12-14', 95),
(397, 419, '2018-12-14', '2018-12-14', 80),
(398, 423, '2018-12-14', '2018-12-14', 80),
(399, 435, '2018-12-14', '2018-12-14', 95),
(400, 377, '2018-12-14', '2018-12-14', 95),
(401, 381, '2018-12-14', '2018-12-14', 100),
(402, 385, '2018-12-14', '2018-12-14', 85),
(403, 389, '2018-12-14', '2018-12-14', 95),
(404, 429, '2018-12-14', '2018-12-14', 95),
(405, 393, '2018-12-14', '2018-12-14', 85),
(406, 433, '2018-12-14', '2018-12-14', 90),
(407, 397, '2018-12-14', '2018-12-14', 100),
(408, 401, '2018-12-14', '2018-12-14', 100),
(409, 405, '2018-12-14', '2018-12-14', 100),
(410, 409, '2018-12-14', '2018-12-14', 90),
(411, 413, '2018-12-14', '2018-12-14', 95),
(412, 417, '2018-12-14', '2018-12-14', 100),
(413, 421, '2018-12-14', '2018-12-14', 90),
(414, 425, '2018-12-14', '2018-12-14', 90),
(415, 437, '2018-12-14', '2018-12-14', 85),
(416, 414, '2018-12-25', '2018-12-25', 100),
(417, 416, '2018-12-25', '2018-12-25', 100),
(418, 365, '2018-07-18', '2018-07-18', 95),
(419, 367, '2018-10-30', '2018-10-30', 100);

--
-- 已匯出資料表的索引
--

--
-- 資料表索引 `certificationitem`
--
ALTER TABLE `certificationitem`
  ADD PRIMARY KEY (`id`);

--
-- 資料表索引 `class_info`
--
ALTER TABLE `class_info`
  ADD PRIMARY KEY (`id`);

--
-- 資料表索引 `human_info`
--
ALTER TABLE `human_info`
  ADD PRIMARY KEY (`id`);

--
-- 資料表索引 `package_info`
--
ALTER TABLE `package_info`
  ADD PRIMARY KEY (`id`);

--
-- 資料表索引 `person_certification_info`
--
ALTER TABLE `person_certification_info`
  ADD PRIMARY KEY (`id`);

--
-- 資料表索引 `person_certification_record`
--
ALTER TABLE `person_certification_record`
  ADD PRIMARY KEY (`id`),
  ADD KEY `person_certification_fk_idx` (`person_certification_id`);

--
-- 資料表索引 `person_class_info`
--
ALTER TABLE `person_class_info`
  ADD PRIMARY KEY (`id`);

--
-- 資料表索引 `person_class_record`
--
ALTER TABLE `person_class_record`
  ADD PRIMARY KEY (`id`),
  ADD KEY `person_class_idx` (`person_class_id`);

--
-- 在匯出的資料表使用 AUTO_INCREMENT
--

--
-- 使用資料表 AUTO_INCREMENT `certificationitem`
--
ALTER TABLE `certificationitem`
  MODIFY `id` int(11) NOT NULL AUTO_INCREMENT, AUTO_INCREMENT=10;
--
-- 使用資料表 AUTO_INCREMENT `class_info`
--
ALTER TABLE `class_info`
  MODIFY `id` int(11) NOT NULL AUTO_INCREMENT, AUTO_INCREMENT=16;
--
-- 使用資料表 AUTO_INCREMENT `human_info`
--
ALTER TABLE `human_info`
  MODIFY `id` int(11) NOT NULL AUTO_INCREMENT, AUTO_INCREMENT=103;
--
-- 使用資料表 AUTO_INCREMENT `package_info`
--
ALTER TABLE `package_info`
  MODIFY `id` int(11) NOT NULL AUTO_INCREMENT, AUTO_INCREMENT=617;
--
-- 使用資料表 AUTO_INCREMENT `person_certification_info`
--
ALTER TABLE `person_certification_info`
  MODIFY `id` int(11) NOT NULL AUTO_INCREMENT, AUTO_INCREMENT=307;
--
-- 使用資料表 AUTO_INCREMENT `person_certification_record`
--
ALTER TABLE `person_certification_record`
  MODIFY `id` int(11) NOT NULL AUTO_INCREMENT, AUTO_INCREMENT=321;
--
-- 使用資料表 AUTO_INCREMENT `person_class_info`
--
ALTER TABLE `person_class_info`
  MODIFY `id` int(11) NOT NULL AUTO_INCREMENT, AUTO_INCREMENT=438;
--
-- 使用資料表 AUTO_INCREMENT `person_class_record`
--
ALTER TABLE `person_class_record`
  MODIFY `id` int(11) NOT NULL AUTO_INCREMENT, AUTO_INCREMENT=420;
--
-- 已匯出資料表的限制(Constraint)
--

--
-- 資料表的 Constraints `person_certification_record`
--
ALTER TABLE `person_certification_record`
  ADD CONSTRAINT `person_certification_fk` FOREIGN KEY (`person_certification_id`) REFERENCES `person_certification_info` (`id`) ON DELETE CASCADE ON UPDATE CASCADE;

--
-- 資料表的 Constraints `person_class_record`
--
ALTER TABLE `person_class_record`
  ADD CONSTRAINT `person_class_fk` FOREIGN KEY (`person_class_id`) REFERENCES `person_class_info` (`id`) ON DELETE CASCADE ON UPDATE CASCADE;

/*!40101 SET CHARACTER_SET_CLIENT=@OLD_CHARACTER_SET_CLIENT */;
/*!40101 SET CHARACTER_SET_RESULTS=@OLD_CHARACTER_SET_RESULTS */;
/*!40101 SET COLLATION_CONNECTION=@OLD_COLLATION_CONNECTION */;
