-- MySQL dump 10.13  Distrib 8.0.12, for Win64 (x86_64)
--
-- Host: localhost    Database: mfg_world
-- ------------------------------------------------------
-- Server version	8.0.12

/*!40101 SET @OLD_CHARACTER_SET_CLIENT=@@CHARACTER_SET_CLIENT */;
/*!40101 SET @OLD_CHARACTER_SET_RESULTS=@@CHARACTER_SET_RESULTS */;
/*!40101 SET @OLD_COLLATION_CONNECTION=@@COLLATION_CONNECTION */;
 SET NAMES utf8 ;
/*!40103 SET @OLD_TIME_ZONE=@@TIME_ZONE */;
/*!40103 SET TIME_ZONE='+00:00' */;
/*!40014 SET @OLD_UNIQUE_CHECKS=@@UNIQUE_CHECKS, UNIQUE_CHECKS=0 */;
/*!40014 SET @OLD_FOREIGN_KEY_CHECKS=@@FOREIGN_KEY_CHECKS, FOREIGN_KEY_CHECKS=0 */;
/*!40101 SET @OLD_SQL_MODE=@@SQL_MODE, SQL_MODE='NO_AUTO_VALUE_ON_ZERO' */;
/*!40111 SET @OLD_SQL_NOTES=@@SQL_NOTES, SQL_NOTES=0 */;

--
-- Table structure for table `certificationitem`
--

DROP TABLE IF EXISTS `certificationitem`;
/*!40101 SET @saved_cs_client     = @@character_set_client */;
 SET character_set_client = utf8mb4 ;
CREATE TABLE `certificationitem` (
  `id` int(11) NOT NULL AUTO_INCREMENT,
  `area` varchar(10) COLLATE utf8_bin DEFAULT NULL,
  `knowledge` varchar(20) COLLATE utf8_bin DEFAULT NULL,
  `technical` varchar(20) COLLATE utf8_bin DEFAULT NULL,
  `training` varchar(30) COLLATE utf8_bin DEFAULT NULL,
  `training_only` tinyint(4) DEFAULT NULL,
  PRIMARY KEY (`id`)
) ENGINE=InnoDB AUTO_INCREMENT=11 DEFAULT CHARSET=utf8 COLLATE=utf8_bin;
/*!40101 SET character_set_client = @saved_cs_client */;

--
-- Dumping data for table `certificationitem`
--

LOCK TABLES `certificationitem` WRITE;
/*!40000 ALTER TABLE `certificationitem` DISABLE KEYS */;
INSERT INTO `certificationitem` VALUES (1,'CVD','鐘罩鎖固及鬆脫作業板手人員','鐘罩鎖固及鬆脫作業板手人員','',0),(2,'CVD','鐘罩鎖固及鬆脫作業控制器人員','鐘罩鎖固及鬆脫作業控制器人員','',0),(4,'CVD','','','鍾罩HCW管路安裝及拆卸作業(1)',0),(5,'CVD','天車吊掛作業控制手','天車吊掛作業控制手','',0),(6,'CVD','碳腳、石英環、晶種及晶橋安裝作業','碳腳、石英環、晶種及晶橋安裝作業',' ',0),(7,'CVD','','','碳腳、石英環、晶種及晶橋安裝作業(1)',1),(8,'CVD','','','鐘罩鎖固及鬆脫作業板手人員(1)',0),(9,'CVD','','','鐘罩鎖固及鬆脫作業控制器人員(1)',0);
/*!40000 ALTER TABLE `certificationitem` ENABLE KEYS */;
UNLOCK TABLES;

--
-- Table structure for table `class_info`
--

DROP TABLE IF EXISTS `class_info`;
/*!40101 SET @saved_cs_client     = @@character_set_client */;
 SET character_set_client = utf8mb4 ;
CREATE TABLE `class_info` (
  `id` int(11) NOT NULL AUTO_INCREMENT,
  `level` varchar(1) COLLATE utf8_bin DEFAULT NULL,
  `grade` varchar(1) COLLATE utf8_bin DEFAULT NULL COMMENT '適用職等',
  `class_name` varchar(20) COLLATE utf8_bin DEFAULT NULL COMMENT '課程名稱',
  PRIMARY KEY (`id`)
) ENGINE=InnoDB AUTO_INCREMENT=18 DEFAULT CHARSET=utf8 COLLATE=utf8_bin;
/*!40101 SET character_set_client = @saved_cs_client */;

--
-- Dumping data for table `class_info`
--

LOCK TABLES `class_info` WRITE;
/*!40000 ALTER TABLE `class_info` DISABLE KEYS */;
INSERT INTO `class_info` VALUES (5,'1','1','結晶矽作業區介紹'),(7,'1','1','結晶矽作業區安全須知'),(8,'1','1','製造組人員規範'),(9,'1','1','製造組直接人員標準作業規範'),(10,'2','3','基層主管教育訓練'),(11,'3','4','管制圖'),(12,'3','4','生產排程簡介'),(13,'3','4','製造組異常事件處理流程'),(14,'3','4','品管圈'),(15,'3','4','生產管理報表設計與規劃');
/*!40000 ALTER TABLE `class_info` ENABLE KEYS */;
UNLOCK TABLES;

--
-- Table structure for table `human_info`
--

DROP TABLE IF EXISTS `human_info`;
/*!40101 SET @saved_cs_client     = @@character_set_client */;
 SET character_set_client = utf8mb4 ;
CREATE TABLE `human_info` (
  `id` int(11) NOT NULL AUTO_INCREMENT,
  `work_num` varchar(5) COLLATE utf8_bin DEFAULT NULL COMMENT '工號',
  `account` varchar(15) COLLATE utf8_bin DEFAULT NULL COMMENT '帳號',
  `password` varchar(128) COLLATE utf8_bin DEFAULT NULL COMMENT '密碼加密',
  `name` varchar(6) COLLATE utf8_bin DEFAULT NULL COMMENT '姓名',
  `sex` varchar(1) COLLATE utf8_bin DEFAULT NULL COMMENT '性別',
  `duty_date` date DEFAULT NULL COMMENT '到職日',
  `resignation_date` date DEFAULT NULL COMMENT '離職日',
  `grade` int(11) DEFAULT NULL COMMENT '職等',
  `class` varchar(2) COLLATE utf8_bin DEFAULT NULL COMMENT '班別',
  `area` varchar(10) COLLATE utf8_bin DEFAULT NULL COMMENT '區域',
  `email` varchar(45) COLLATE utf8_bin DEFAULT NULL,
  `permission` varchar(5) COLLATE utf8_bin DEFAULT 'R',
  `birthday` date DEFAULT NULL COMMENT '生日',
  `tel` varchar(45) COLLATE utf8_bin DEFAULT NULL COMMENT '電話',
  `contact_persion` varchar(45) COLLATE utf8_bin DEFAULT NULL COMMENT '連絡人',
  `contact_persion_tel` varchar(45) COLLATE utf8_bin DEFAULT NULL COMMENT '聯絡人電話',
  `address` varchar(45) COLLATE utf8_bin DEFAULT NULL COMMENT '居住地',
  `dormitory` varchar(4) COLLATE utf8_bin DEFAULT NULL COMMENT '宿舍',
  PRIMARY KEY (`id`)
) ENGINE=InnoDB AUTO_INCREMENT=83 DEFAULT CHARSET=utf8 COLLATE=utf8_bin COMMENT='人員基本資料';
/*!40101 SET character_set_client = @saved_cs_client */;

--
-- Dumping data for table `human_info`
--

LOCK TABLES `human_info` WRITE;
/*!40000 ALTER TABLE `human_info` DISABLE KEYS */;
INSERT INTO `human_info` VALUES (1,'0','admin','admin','系統管理員',NULL,NULL,NULL,0,'常日','ALL',NULL,'A',NULL,NULL,NULL,NULL,NULL,NULL),(2,'211','','p@ssw0rd','王東為','男','2012-05-02',NULL,2,'DA','CVD','','R','1963-05-26','0933-441648','','','','無'),(3,'220','','p@ssw0rd','游孟蓁','女','2012-05-16',NULL,2,'DA','CVD','','R','1970-11-16','0911-141538','','','','無'),(4,'222','','p@ssw0rd','張文信','男','2012-05-16',NULL,1,'DA','CVD','','R','1967-01-15','0928-887905','','','','無'),(5,'402','','p@ssw0rd','陳士民','男','2017-12-06',NULL,2,'DA','CVD','','R','1973-10-10','0980-292782','','','','無'),(6,'408',NULL,'p@ssw0rd','陳昱璋','男','2018-01-03',NULL,2,NULL,NULL,NULL,'R','1973-04-27','0966-508981',NULL,NULL,NULL,NULL),(7,'427','','p@ssw0rd','黃瑋筑','男','2018-02-22',NULL,1,'DA','CVD','','R','1984-05-21','0958-052183','','','','無'),(8,'428','','p@ssw0rd','林銘彥','男','2018-02-22',NULL,1,'DA','CVD','','R','1971-07-22','0917-970713','','','','無'),(9,'433','','p@ssw0rd','姚宗佑','男','2018-03-07',NULL,1,'DA','CVD','','R','1971-12-09','0982-882735','','','','無'),(10,'434','','p@ssw0rd','周宥霆','男','2018-03-07',NULL,1,'DA','CVD','','R','1961-12-29','0987-308811','','','','無'),(11,'442','','p@ssw0rd','陳政宏','男','2018-03-21',NULL,2,'DA','CVD','','R','1961-06-01','0968-526899','','','','無'),(12,'443',NULL,'p@ssw0rd','陳珮瑜','女','2018-03-21',NULL,2,NULL,NULL,NULL,'R','1971-07-26','0915-602087',NULL,NULL,NULL,NULL),(13,'444',NULL,'p@ssw0rd','李佳玲','女','2018-03-21',NULL,1,NULL,NULL,NULL,'R','1969-10-05','0905-631629',NULL,NULL,NULL,NULL),(14,'454','','p@ssw0rd','張芫銘','男','2018-04-10',NULL,1,'DA','CVD','','R','1972-04-02','0988-183336','','','','無'),(15,'455',NULL,'p@ssw0rd','劉佳蓉','女','2018-04-10',NULL,1,NULL,NULL,NULL,'R','1968-01-08','0935-157515',NULL,NULL,NULL,NULL),(16,'456','','p@ssw0rd','蘇宏吉','男','2018-04-10',NULL,1,'DA','CVD','','R','1970-12-22','0927-720722','','','','無'),(17,'458',NULL,'p@ssw0rd','張富農','男','2018-04-10',NULL,2,NULL,NULL,NULL,'R','1970-03-11','0955-203040',NULL,NULL,NULL,NULL),(18,'459',NULL,'p@ssw0rd','蔡珈昇','男','2018-04-10',NULL,2,NULL,NULL,NULL,'R','1976-01-04','0931-443312',NULL,NULL,NULL,NULL),(19,'460','','p@ssw0rd','劉錫賢','男','2018-04-10',NULL,1,'DA','CVD','','R','1977-03-21','0917-981663','','','','無'),(20,'474','','p@ssw0rd','蔡江朋','男','2018-04-18',NULL,1,'DA','CVD','','R','1970-05-31','0931-860364','','','','無'),(21,'475','','p@ssw0rd','周明鋒','男','2018-04-18',NULL,1,'DA','CVD','','R','1980-08-22','0977-787837','','','','無'),(22,'476',NULL,'p@ssw0rd','董怡菁','女','2018-04-18',NULL,1,NULL,NULL,NULL,'R','1974-12-19','0911-085186',NULL,NULL,NULL,NULL),(23,'477','','p@ssw0rd','李家豪','男','2018-04-18',NULL,1,'DA','CVD','','R','1974-08-10','0981-011304','','','','無'),(24,'478','','p@ssw0rd','洪偉陽','男','2018-04-18',NULL,1,'DA','CVD','','R','1975-05-20','0934-064076','','','','無'),(25,'479','','p@ssw0rd','黃任均','男','2018-04-18',NULL,1,'DA','CVD','','R','1971-06-07','0909-325235','','','','無'),(26,'480',NULL,'p@ssw0rd','林金宏','男','2018-04-18',NULL,1,NULL,NULL,NULL,'R','1968-12-17','0939-555338',NULL,NULL,NULL,NULL),(27,'488',NULL,'p@ssw0rd','林榆芸','女','2018-05-02',NULL,1,NULL,NULL,NULL,'R','1979-11-28','0978-557229',NULL,NULL,NULL,NULL),(28,'490',NULL,'p@ssw0rd','陳金生','男','2018-05-02',NULL,1,NULL,NULL,NULL,'R','1964-08-10','0977-400719',NULL,NULL,NULL,NULL),(29,'491',NULL,'p@ssw0rd','周敏惠','女','2018-05-02',NULL,1,NULL,NULL,NULL,'R','1968-04-22','0977-533667',NULL,NULL,NULL,NULL),(30,'493','','p@ssw0rd','曾詠明','男','2018-05-02',NULL,1,'DA','CVD','','R','1981-01-15','0978-151675','','','','無'),(31,'495',NULL,'p@ssw0rd','王政文','男','2018-05-02',NULL,1,NULL,NULL,NULL,'R','1974-12-09','0985-315850',NULL,NULL,NULL,NULL),(32,'503',NULL,'p@ssw0rd','林俊宇','男','2018-05-09',NULL,1,NULL,NULL,NULL,'R','1968-11-05','0920-054777',NULL,NULL,NULL,NULL),(33,'504',NULL,'p@ssw0rd','白惠雯','女','2018-05-09',NULL,1,NULL,NULL,NULL,'R','1968-08-16','0933-582450',NULL,NULL,NULL,NULL),(34,'505','','p@ssw0rd','林國龍','男','2018-05-09',NULL,1,'DA','CVD','','R','1978-01-04','0925-096205','','','','無'),(35,'506',NULL,'p@ssw0rd','陳柏諭','女','2018-05-09',NULL,1,NULL,NULL,NULL,'R','1980-07-04','0909-743536',NULL,NULL,NULL,NULL),(36,'516',NULL,'p@ssw0rd','葉如菁','女','2018-05-23',NULL,1,NULL,NULL,NULL,'R','1973-10-07','0978-996521',NULL,NULL,NULL,NULL),(37,'518','','p@ssw0rd','廖蔚松','男','2018-05-23',NULL,1,'DA','CVD','','R','1978-03-26','0980-599047','','','','無'),(38,'528',NULL,'p@ssw0rd','李淑惠','女','2018-06-06',NULL,1,NULL,NULL,NULL,'R','1966-07-01','0921-482680',NULL,NULL,NULL,NULL),(39,'529',NULL,'p@ssw0rd','林遠香','女','2018-06-06',NULL,1,NULL,NULL,NULL,'R','1972-03-18','0923-313010',NULL,NULL,NULL,NULL),(40,'531','','p@ssw0rd','何俊昱','男','2018-06-06',NULL,1,'DA','CVD','','R','1982-11-23','0975-032760','','','','無'),(41,'533',NULL,'p@ssw0rd','林健豪','男','2018-06-13',NULL,1,NULL,NULL,NULL,'R','1982-02-13','0919-950213',NULL,NULL,NULL,NULL),(42,'534','','p@ssw0rd','郭生灃','男','2018-06-13',NULL,1,'DA','CVD','','R','1966-12-29','0970-608968','','','','無'),(43,'535',NULL,'p@ssw0rd','陳佩君','女','2018-06-13',NULL,1,NULL,NULL,NULL,'R','1982-08-19','0906-660097',NULL,NULL,NULL,NULL),(44,'536',NULL,'p@ssw0rd','蔣忠容','男','2018-06-13',NULL,1,NULL,NULL,NULL,'R','1971-07-17','0988-711638',NULL,NULL,NULL,NULL),(45,'537',NULL,'p@ssw0rd','劉錫慶','男','2018-06-13',NULL,1,NULL,NULL,NULL,'R','1980-07-11','0987-523197',NULL,NULL,NULL,NULL),(46,'541',NULL,'p@ssw0rd','楊淑玲','女','2018-06-20',NULL,2,NULL,NULL,NULL,'R','1967-04-29','0908-820530',NULL,NULL,NULL,NULL),(47,'544','','p@ssw0rd','黃耀增','男','2018-06-20',NULL,1,'DA','CVD','','R','1974-01-19','0987-799281','','','','無'),(48,'545','','p@ssw0rd','林廸緯','男','2018-06-20',NULL,1,'DA','CVD','','R','1976-08-07','0982-993570','','','','無'),(49,'546','','p@ssw0rd','陳盛暉','男','2018-07-04',NULL,1,'DA','CVD','','R','1973-05-21','0963-315912','','','','無'),(50,'547',NULL,'p@ssw0rd','趙柏瑞','男','2018-07-04',NULL,1,NULL,NULL,NULL,'R','1980-06-17','0988-147136',NULL,NULL,NULL,NULL),(51,'548',NULL,'p@ssw0rd','葉惠芳','女','2018-07-04',NULL,1,NULL,NULL,NULL,'R','1963-11-19','0958-034220',NULL,NULL,NULL,NULL),(52,'549','','p@ssw0rd','王容豐','男','2018-07-04',NULL,1,'DA','CVD','','R','1974-02-07','0983-610768','','','','無'),(53,'555',NULL,'p@ssw0rd','陳宥允','男','2018-07-11',NULL,2,NULL,NULL,NULL,'R','1969-01-12','0933-550884',NULL,NULL,NULL,NULL),(54,'556',NULL,'p@ssw0rd','林昭萍','女','2018-07-11',NULL,1,NULL,NULL,NULL,'R','1970-04-10','0976-821420',NULL,NULL,NULL,NULL),(55,'563',NULL,'p@ssw0rd','黃健軒','男','2018-07-18',NULL,1,NULL,NULL,NULL,'R','1980-02-22','0975-261216',NULL,NULL,NULL,NULL),(56,'571',NULL,'p@ssw0rd','黃媚娸','女','2018-08-01',NULL,1,NULL,NULL,NULL,'R','1980-08-23','0975-308715',NULL,NULL,NULL,NULL),(57,'572','','p@ssw0rd','李俊穎','男','2018-08-01',NULL,1,'DA','CVD','','R','1982-08-16','0971-011208','','','','無'),(58,'573','','p@ssw0rd','林凱盈','男','2018-08-01','2018-10-26',1,'NA','ALL','','R','1979-10-02','0963-663622','','','','無'),(59,'574',NULL,'p@ssw0rd','張宛毓','女','2018-08-01',NULL,1,NULL,NULL,NULL,'R','1968-05-20','0901-012757',NULL,NULL,NULL,NULL),(60,'583',NULL,'p@ssw0rd','王婉柔','女','2018-08-15',NULL,1,NULL,NULL,NULL,'R','1976-09-15','0916-288250',NULL,NULL,NULL,NULL),(61,'584',NULL,'p@ssw0rd','王群涵','男','2018-08-15',NULL,1,NULL,NULL,NULL,'R','1984-05-10','0989-247334',NULL,NULL,NULL,NULL),(62,'585',NULL,'p@ssw0rd','陳亭儒','女','2018-08-15',NULL,1,NULL,NULL,NULL,'R','1983-08-29','0909-599977',NULL,NULL,NULL,NULL),(63,'587',NULL,'p@ssw0rd','蔡明褞','男','2018-08-22',NULL,1,NULL,NULL,NULL,'R','1970-07-16','0920-720001',NULL,NULL,NULL,NULL),(64,'588','','p@ssw0rd','林為成','男','2018-08-22',NULL,1,'DA','CVD','','R','1980-06-30','0911-837698','','','','無'),(65,'598',NULL,'p@ssw0rd','林嘉俊','男','2018-09-05',NULL,2,NULL,NULL,NULL,'R','1971-10-30','0919-118311',NULL,NULL,NULL,NULL),(66,'599',NULL,'p@ssw0rd','陳信安','男','2018-09-05',NULL,1,NULL,NULL,NULL,'R','1970-07-04','0983-765096',NULL,NULL,NULL,NULL),(67,'605',NULL,'p@ssw0rd','李葦瀚','女','2018-09-12',NULL,1,NULL,NULL,NULL,'R','1978-10-15','0976-064831',NULL,NULL,NULL,NULL),(68,'606',NULL,'p@ssw0rd','施文婷','女','2018-09-12',NULL,1,NULL,NULL,NULL,'R','1975-07-26','0983-765099',NULL,NULL,NULL,NULL),(69,'619',NULL,'p@ssw0rd','葉俊傑','男','2018-10-04',NULL,2,NULL,NULL,NULL,'R','1968-03-29','0917-511310',NULL,NULL,NULL,NULL),(70,'620',NULL,'p@ssw0rd','柯淑娟','女','2018-10-04',NULL,1,NULL,NULL,NULL,'R','1965-10-23','0923-588122',NULL,NULL,NULL,NULL),(71,'621',NULL,'p@ssw0rd','王稚翔','男','2018-10-04',NULL,1,NULL,NULL,NULL,'R','1967-07-26','0976-702220',NULL,NULL,NULL,NULL),(72,'604','','','鄭祖元','男',NULL,NULL,5,'NA','ALL','','',NULL,'','','','','無'),(73,'618','','','詹智翔','男',NULL,NULL,5,'NA','ALL','','',NULL,'','','','','無'),(74,'569','','','陳筱筠','男',NULL,NULL,3,'NA','ALL','','',NULL,'','','','','無'),(75,'628','','','吳禹鈞','男',NULL,NULL,1,'NA','ALL','','',NULL,'','','','','無'),(76,'629','','','徐靜儀','男',NULL,NULL,1,'NA','ALL','','',NULL,'','','','','無'),(77,'409','','','林彥亨','男',NULL,NULL,5,'NA','ALL','','',NULL,'','','','','無'),(78,'76','','','黃冠智','男',NULL,NULL,5,'NA','ALL','','',NULL,'','','','','無'),(79,'152','','','姚紹貿','男',NULL,NULL,5,'NA','ALL','','',NULL,'','','','','無'),(80,'229','','','楊志文','男',NULL,NULL,5,'NA','ALL','','',NULL,'','','','','無'),(81,'138','','p@ssw0rd','張怡笳','女',NULL,NULL,5,'NA','ALL','','R',NULL,'','','','','無'),(82,'525','','p@ssw0rd','蘇冠憲','男',NULL,NULL,5,'NA','ALL','','',NULL,'','','','','無');
/*!40000 ALTER TABLE `human_info` ENABLE KEYS */;
UNLOCK TABLES;

--
-- Table structure for table `person_certification_info`
--

DROP TABLE IF EXISTS `person_certification_info`;
/*!40101 SET @saved_cs_client     = @@character_set_client */;
 SET character_set_client = utf8mb4 ;
CREATE TABLE `person_certification_info` (
  `id` int(11) NOT NULL AUTO_INCREMENT,
  `work_num` varchar(5) CHARACTER SET utf8 COLLATE utf8_bin DEFAULT NULL,
  `name` varchar(6) CHARACTER SET utf8 COLLATE utf8_bin DEFAULT NULL,
  `area` varchar(20) CHARACTER SET utf8 COLLATE utf8_bin DEFAULT NULL,
  `shift` varchar(2) CHARACTER SET utf8 COLLATE utf8_bin DEFAULT NULL,
  `knowledge` varchar(45) CHARACTER SET utf8 COLLATE utf8_bin DEFAULT NULL,
  `technical` varchar(45) CHARACTER SET utf8 COLLATE utf8_bin DEFAULT NULL,
  `training` varchar(20) COLLATE utf8_bin DEFAULT NULL,
  `training_only` tinyint(4) DEFAULT NULL,
  PRIMARY KEY (`id`)
) ENGINE=InnoDB AUTO_INCREMENT=260 DEFAULT CHARSET=utf8 COLLATE=utf8_bin;
/*!40101 SET character_set_client = @saved_cs_client */;

--
-- Dumping data for table `person_certification_info`
--

LOCK TABLES `person_certification_info` WRITE;
/*!40000 ALTER TABLE `person_certification_info` DISABLE KEYS */;
INSERT INTO `person_certification_info` VALUES (6,'211','王東為','CVD','DA','鐘罩鎖固及鬆脫作業板手人員','鐘罩鎖固及鬆脫作業板手人員','',0),(7,'211','王東為','CVD','DA','鐘罩鎖固及鬆脫作業控制器人員','鐘罩鎖固及鬆脫作業控制器人員','',0),(8,'211','王東為','CVD','DA','','','碳腳、石英環、晶種及晶橋安裝作業(1)',1),(9,'220','游孟蓁','CVD','DA','鐘罩鎖固及鬆脫作業板手人員','鐘罩鎖固及鬆脫作業板手人員','',0),(10,'220','游孟蓁','CVD','DA','鐘罩鎖固及鬆脫作業控制器人員','鐘罩鎖固及鬆脫作業控制器人員','',0),(11,'220','游孟蓁','CVD','DA','','','碳腳、石英環、晶種及晶橋安裝作業(1)',1),(12,'222','張文信','CVD','DA','鐘罩鎖固及鬆脫作業板手人員','鐘罩鎖固及鬆脫作業板手人員','',0),(13,'222','張文信','CVD','DA','鐘罩鎖固及鬆脫作業控制器人員','鐘罩鎖固及鬆脫作業控制器人員','',0),(14,'222','張文信','CVD','DA','','','碳腳、石英環、晶種及晶橋安裝作業(1)',1),(15,'402','陳士民','CVD','DA','鐘罩鎖固及鬆脫作業板手人員','鐘罩鎖固及鬆脫作業板手人員','',0),(16,'402','陳士民','CVD','DA','鐘罩鎖固及鬆脫作業控制器人員','鐘罩鎖固及鬆脫作業控制器人員','',0),(17,'402','陳士民','CVD','DA','','','碳腳、石英環、晶種及晶橋安裝作業(1)',1),(18,'427','黃瑋筑','CVD','DA','鐘罩鎖固及鬆脫作業板手人員','鐘罩鎖固及鬆脫作業板手人員','',0),(19,'427','黃瑋筑','CVD','DA','鐘罩鎖固及鬆脫作業控制器人員','鐘罩鎖固及鬆脫作業控制器人員','',0),(20,'427','黃瑋筑','CVD','DA','','','碳腳、石英環、晶種及晶橋安裝作業(1)',1),(21,'428','林銘彥','CVD','DA','鐘罩鎖固及鬆脫作業板手人員','鐘罩鎖固及鬆脫作業板手人員','',0),(22,'428','林銘彥','CVD','DA','鐘罩鎖固及鬆脫作業控制器人員','鐘罩鎖固及鬆脫作業控制器人員','',0),(23,'428','林銘彥','CVD','DA','','','碳腳、石英環、晶種及晶橋安裝作業(1)',1),(24,'433','姚宗佑','CVD','DA','鐘罩鎖固及鬆脫作業板手人員','鐘罩鎖固及鬆脫作業板手人員','',0),(25,'433','姚宗佑','CVD','DA','鐘罩鎖固及鬆脫作業控制器人員','鐘罩鎖固及鬆脫作業控制器人員','',0),(26,'433','姚宗佑','CVD','DA','','','碳腳、石英環、晶種及晶橋安裝作業(1)',1),(27,'434','周宥霆','CVD','DA','鐘罩鎖固及鬆脫作業板手人員','鐘罩鎖固及鬆脫作業板手人員','',0),(28,'434','周宥霆','CVD','DA','鐘罩鎖固及鬆脫作業控制器人員','鐘罩鎖固及鬆脫作業控制器人員','',0),(29,'434','周宥霆','CVD','DA','','','碳腳、石英環、晶種及晶橋安裝作業(1)',1),(30,'442','陳政宏','CVD','DA','鐘罩鎖固及鬆脫作業板手人員','鐘罩鎖固及鬆脫作業板手人員','',0),(31,'442','陳政宏','CVD','DA','鐘罩鎖固及鬆脫作業控制器人員','鐘罩鎖固及鬆脫作業控制器人員','',0),(32,'442','陳政宏','CVD','DA','','','碳腳、石英環、晶種及晶橋安裝作業(1)',1),(33,'454','張芫銘','CVD','DA','鐘罩鎖固及鬆脫作業板手人員','鐘罩鎖固及鬆脫作業板手人員','',0),(34,'454','張芫銘','CVD','DA','鐘罩鎖固及鬆脫作業控制器人員','鐘罩鎖固及鬆脫作業控制器人員','',0),(35,'454','張芫銘','CVD','DA','','','碳腳、石英環、晶種及晶橋安裝作業(1)',1),(36,'456','蘇宏吉','CVD','DA','鐘罩鎖固及鬆脫作業板手人員','鐘罩鎖固及鬆脫作業板手人員','',0),(37,'456','蘇宏吉','CVD','DA','鐘罩鎖固及鬆脫作業控制器人員','鐘罩鎖固及鬆脫作業控制器人員','',0),(38,'456','蘇宏吉','CVD','DA','','','碳腳、石英環、晶種及晶橋安裝作業(1)',1),(39,'460','劉錫賢','CVD','DA','鐘罩鎖固及鬆脫作業板手人員','鐘罩鎖固及鬆脫作業板手人員','',0),(40,'460','劉錫賢','CVD','DA','鐘罩鎖固及鬆脫作業控制器人員','鐘罩鎖固及鬆脫作業控制器人員','',0),(41,'460','劉錫賢','CVD','DA','','','碳腳、石英環、晶種及晶橋安裝作業(1)',1),(42,'474','蔡江朋','CVD','DA','鐘罩鎖固及鬆脫作業板手人員','鐘罩鎖固及鬆脫作業板手人員','',0),(43,'474','蔡江朋','CVD','DA','鐘罩鎖固及鬆脫作業控制器人員','鐘罩鎖固及鬆脫作業控制器人員','',0),(44,'474','蔡江朋','CVD','DA','','','碳腳、石英環、晶種及晶橋安裝作業(1)',1),(45,'475','周明鋒','CVD','DA','鐘罩鎖固及鬆脫作業板手人員','鐘罩鎖固及鬆脫作業板手人員','',0),(46,'475','周明鋒','CVD','DA','鐘罩鎖固及鬆脫作業控制器人員','鐘罩鎖固及鬆脫作業控制器人員','',0),(47,'475','周明鋒','CVD','DA','','','碳腳、石英環、晶種及晶橋安裝作業(1)',1),(48,'477','李家豪','CVD','DA','鐘罩鎖固及鬆脫作業板手人員','鐘罩鎖固及鬆脫作業板手人員','',0),(49,'477','李家豪','CVD','DA','鐘罩鎖固及鬆脫作業控制器人員','鐘罩鎖固及鬆脫作業控制器人員','',0),(50,'477','李家豪','CVD','DA','','','碳腳、石英環、晶種及晶橋安裝作業(1)',1),(51,'478','洪偉陽','CVD','DA','鐘罩鎖固及鬆脫作業板手人員','鐘罩鎖固及鬆脫作業板手人員','',0),(52,'478','洪偉陽','CVD','DA','鐘罩鎖固及鬆脫作業控制器人員','鐘罩鎖固及鬆脫作業控制器人員','',0),(53,'478','洪偉陽','CVD','DA','','','碳腳、石英環、晶種及晶橋安裝作業(1)',1),(54,'479','黃任均','CVD','DA','鐘罩鎖固及鬆脫作業板手人員','鐘罩鎖固及鬆脫作業板手人員','',0),(55,'479','黃任均','CVD','DA','鐘罩鎖固及鬆脫作業控制器人員','鐘罩鎖固及鬆脫作業控制器人員','',0),(56,'479','黃任均','CVD','DA','','','碳腳、石英環、晶種及晶橋安裝作業(1)',1),(57,'493','曾詠明','CVD','DA','鐘罩鎖固及鬆脫作業板手人員','鐘罩鎖固及鬆脫作業板手人員','',0),(58,'493','曾詠明','CVD','DA','鐘罩鎖固及鬆脫作業控制器人員','鐘罩鎖固及鬆脫作業控制器人員','',0),(59,'493','曾詠明','CVD','DA','','','碳腳、石英環、晶種及晶橋安裝作業(1)',1),(60,'505','林國龍','CVD','DA','鐘罩鎖固及鬆脫作業板手人員','鐘罩鎖固及鬆脫作業板手人員','',0),(61,'505','林國龍','CVD','DA','鐘罩鎖固及鬆脫作業控制器人員','鐘罩鎖固及鬆脫作業控制器人員','',0),(62,'505','林國龍','CVD','DA','','','碳腳、石英環、晶種及晶橋安裝作業(1)',1),(63,'518','廖蔚松','CVD','DA','鐘罩鎖固及鬆脫作業板手人員','鐘罩鎖固及鬆脫作業板手人員','',0),(64,'518','廖蔚松','CVD','DA','鐘罩鎖固及鬆脫作業控制器人員','鐘罩鎖固及鬆脫作業控制器人員','',0),(65,'518','廖蔚松','CVD','DA','','','碳腳、石英環、晶種及晶橋安裝作業(1)',1),(66,'531','何俊昱','CVD','DA','鐘罩鎖固及鬆脫作業板手人員','鐘罩鎖固及鬆脫作業板手人員','',0),(67,'531','何俊昱','CVD','DA','鐘罩鎖固及鬆脫作業控制器人員','鐘罩鎖固及鬆脫作業控制器人員','',0),(68,'531','何俊昱','CVD','DA','','','碳腳、石英環、晶種及晶橋安裝作業(1)',1),(69,'534','郭生灃','CVD','DA','鐘罩鎖固及鬆脫作業板手人員','鐘罩鎖固及鬆脫作業板手人員','',0),(70,'534','郭生灃','CVD','DA','鐘罩鎖固及鬆脫作業控制器人員','鐘罩鎖固及鬆脫作業控制器人員','',0),(71,'534','郭生灃','CVD','DA','','','碳腳、石英環、晶種及晶橋安裝作業(1)',1),(72,'544','黃耀增','CVD','DA','鐘罩鎖固及鬆脫作業板手人員','鐘罩鎖固及鬆脫作業板手人員','',0),(73,'544','黃耀增','CVD','DA','鐘罩鎖固及鬆脫作業控制器人員','鐘罩鎖固及鬆脫作業控制器人員','',0),(74,'544','黃耀增','CVD','DA','','','碳腳、石英環、晶種及晶橋安裝作業(1)',1),(75,'545','林廸緯','CVD','DA','鐘罩鎖固及鬆脫作業板手人員','鐘罩鎖固及鬆脫作業板手人員','',0),(76,'545','林廸緯','CVD','DA','鐘罩鎖固及鬆脫作業控制器人員','鐘罩鎖固及鬆脫作業控制器人員','',0),(77,'545','林廸緯','CVD','DA','','','碳腳、石英環、晶種及晶橋安裝作業(1)',1),(78,'546','陳盛暉','CVD','DA','鐘罩鎖固及鬆脫作業板手人員','鐘罩鎖固及鬆脫作業板手人員','',0),(79,'546','陳盛暉','CVD','DA','鐘罩鎖固及鬆脫作業控制器人員','鐘罩鎖固及鬆脫作業控制器人員','',0),(80,'546','陳盛暉','CVD','DA','','','碳腳、石英環、晶種及晶橋安裝作業(1)',1),(81,'549','王容豐','CVD','DA','鐘罩鎖固及鬆脫作業板手人員','鐘罩鎖固及鬆脫作業板手人員','',0),(82,'549','王容豐','CVD','DA','鐘罩鎖固及鬆脫作業控制器人員','鐘罩鎖固及鬆脫作業控制器人員','',0),(83,'549','王容豐','CVD','DA','','','碳腳、石英環、晶種及晶橋安裝作業(1)',1),(84,'572','李俊穎','CVD','DA','鐘罩鎖固及鬆脫作業板手人員','鐘罩鎖固及鬆脫作業板手人員','',0),(85,'572','李俊穎','CVD','DA','鐘罩鎖固及鬆脫作業控制器人員','鐘罩鎖固及鬆脫作業控制器人員','',0),(86,'572','李俊穎','CVD','DA','','','碳腳、石英環、晶種及晶橋安裝作業(1)',1),(87,'588','林為成','CVD','DA','鐘罩鎖固及鬆脫作業板手人員','鐘罩鎖固及鬆脫作業板手人員','',0),(88,'588','林為成','CVD','DA','鐘罩鎖固及鬆脫作業控制器人員','鐘罩鎖固及鬆脫作業控制器人員','',0),(89,'588','林為成','CVD','DA','','','碳腳、石英環、晶種及晶橋安裝作業(1)',1),(90,'211','王東為','CVD','DA','碳腳、石英環、晶種及晶橋安裝作業','碳腳、石英環、晶種及晶橋安裝作業','',0),(91,'211','王東為','CVD','DA','','','鍾罩HCW管路安裝及拆卸作業(1)',1),(93,'220','游孟蓁','CVD','DA','碳腳、石英環、晶種及晶橋安裝作業','碳腳、石英環、晶種及晶橋安裝作業','',0),(94,'220','游孟蓁','CVD','DA','','','鍾罩HCW管路安裝及拆卸作業(1)',1),(96,'222','張文信','CVD','DA','碳腳、石英環、晶種及晶橋安裝作業','碳腳、石英環、晶種及晶橋安裝作業','',0),(97,'222','張文信','CVD','DA','','','鍾罩HCW管路安裝及拆卸作業(1)',1),(99,'402','陳士民','CVD','DA','碳腳、石英環、晶種及晶橋安裝作業','碳腳、石英環、晶種及晶橋安裝作業','',0),(100,'402','陳士民','CVD','DA','','','鍾罩HCW管路安裝及拆卸作業(1)',1),(102,'427','黃瑋筑','CVD','DA','碳腳、石英環、晶種及晶橋安裝作業','碳腳、石英環、晶種及晶橋安裝作業','',0),(103,'427','黃瑋筑','CVD','DA','','','鍾罩HCW管路安裝及拆卸作業(1)',1),(105,'428','林銘彥','CVD','DA','碳腳、石英環、晶種及晶橋安裝作業','碳腳、石英環、晶種及晶橋安裝作業','',0),(106,'428','林銘彥','CVD','DA','','','鍾罩HCW管路安裝及拆卸作業(1)',1),(108,'433','姚宗佑','CVD','DA','碳腳、石英環、晶種及晶橋安裝作業','碳腳、石英環、晶種及晶橋安裝作業','',0),(109,'433','姚宗佑','CVD','DA','','','鍾罩HCW管路安裝及拆卸作業(1)',1),(111,'434','周宥霆','CVD','DA','碳腳、石英環、晶種及晶橋安裝作業','碳腳、石英環、晶種及晶橋安裝作業','',0),(112,'434','周宥霆','CVD','DA','','','鍾罩HCW管路安裝及拆卸作業(1)',1),(114,'442','陳政宏','CVD','DA','碳腳、石英環、晶種及晶橋安裝作業','碳腳、石英環、晶種及晶橋安裝作業','',0),(115,'442','陳政宏','CVD','DA','','','鍾罩HCW管路安裝及拆卸作業(1)',1),(117,'454','張芫銘','CVD','DA','碳腳、石英環、晶種及晶橋安裝作業','碳腳、石英環、晶種及晶橋安裝作業','',0),(118,'454','張芫銘','CVD','DA','','','鍾罩HCW管路安裝及拆卸作業(1)',1),(120,'456','蘇宏吉','CVD','DA','碳腳、石英環、晶種及晶橋安裝作業','碳腳、石英環、晶種及晶橋安裝作業','',0),(121,'456','蘇宏吉','CVD','DA','','','鍾罩HCW管路安裝及拆卸作業(1)',1),(123,'460','劉錫賢','CVD','DA','碳腳、石英環、晶種及晶橋安裝作業','碳腳、石英環、晶種及晶橋安裝作業','',0),(124,'460','劉錫賢','CVD','DA','','','鍾罩HCW管路安裝及拆卸作業(1)',1),(126,'474','蔡江朋','CVD','DA','碳腳、石英環、晶種及晶橋安裝作業','碳腳、石英環、晶種及晶橋安裝作業','',0),(127,'474','蔡江朋','CVD','DA','','','鍾罩HCW管路安裝及拆卸作業(1)',1),(129,'475','周明鋒','CVD','DA','碳腳、石英環、晶種及晶橋安裝作業','碳腳、石英環、晶種及晶橋安裝作業','',0),(130,'475','周明鋒','CVD','DA','','','鍾罩HCW管路安裝及拆卸作業(1)',1),(132,'477','李家豪','CVD','DA','碳腳、石英環、晶種及晶橋安裝作業','碳腳、石英環、晶種及晶橋安裝作業','',0),(133,'477','李家豪','CVD','DA','','','鍾罩HCW管路安裝及拆卸作業(1)',1),(135,'478','洪偉陽','CVD','DA','碳腳、石英環、晶種及晶橋安裝作業','碳腳、石英環、晶種及晶橋安裝作業','',0),(136,'478','洪偉陽','CVD','DA','','','鍾罩HCW管路安裝及拆卸作業(1)',1),(138,'479','黃任均','CVD','DA','碳腳、石英環、晶種及晶橋安裝作業','碳腳、石英環、晶種及晶橋安裝作業','',0),(139,'479','黃任均','CVD','DA','','','鍾罩HCW管路安裝及拆卸作業(1)',1),(141,'493','曾詠明','CVD','DA','碳腳、石英環、晶種及晶橋安裝作業','碳腳、石英環、晶種及晶橋安裝作業','',0),(142,'493','曾詠明','CVD','DA','','','鍾罩HCW管路安裝及拆卸作業(1)',1),(144,'505','林國龍','CVD','DA','碳腳、石英環、晶種及晶橋安裝作業','碳腳、石英環、晶種及晶橋安裝作業','',0),(145,'505','林國龍','CVD','DA','','','鍾罩HCW管路安裝及拆卸作業(1)',1),(147,'518','廖蔚松','CVD','DA','碳腳、石英環、晶種及晶橋安裝作業','碳腳、石英環、晶種及晶橋安裝作業','',0),(148,'518','廖蔚松','CVD','DA','','','鍾罩HCW管路安裝及拆卸作業(1)',1),(150,'531','何俊昱','CVD','DA','碳腳、石英環、晶種及晶橋安裝作業','碳腳、石英環、晶種及晶橋安裝作業','',0),(151,'531','何俊昱','CVD','DA','','','鍾罩HCW管路安裝及拆卸作業(1)',1),(153,'534','郭生灃','CVD','DA','碳腳、石英環、晶種及晶橋安裝作業','碳腳、石英環、晶種及晶橋安裝作業','',0),(154,'534','郭生灃','CVD','DA','','','鍾罩HCW管路安裝及拆卸作業(1)',1),(156,'544','黃耀增','CVD','DA','碳腳、石英環、晶種及晶橋安裝作業','碳腳、石英環、晶種及晶橋安裝作業','',0),(157,'544','黃耀增','CVD','DA','','','鍾罩HCW管路安裝及拆卸作業(1)',1),(159,'545','林廸緯','CVD','DA','碳腳、石英環、晶種及晶橋安裝作業','碳腳、石英環、晶種及晶橋安裝作業','',0),(160,'545','林廸緯','CVD','DA','','','鍾罩HCW管路安裝及拆卸作業(1)',1),(162,'546','陳盛暉','CVD','DA','碳腳、石英環、晶種及晶橋安裝作業','碳腳、石英環、晶種及晶橋安裝作業','',0),(163,'546','陳盛暉','CVD','DA','','','鍾罩HCW管路安裝及拆卸作業(1)',1),(165,'549','王容豐','CVD','DA','碳腳、石英環、晶種及晶橋安裝作業','碳腳、石英環、晶種及晶橋安裝作業','',0),(166,'549','王容豐','CVD','DA','','','鍾罩HCW管路安裝及拆卸作業(1)',1),(168,'572','李俊穎','CVD','DA','碳腳、石英環、晶種及晶橋安裝作業','碳腳、石英環、晶種及晶橋安裝作業','',0),(169,'572','李俊穎','CVD','DA','','','鍾罩HCW管路安裝及拆卸作業(1)',1),(171,'588','林為成','CVD','DA','碳腳、石英環、晶種及晶橋安裝作業','碳腳、石英環、晶種及晶橋安裝作業','',0),(172,'588','林為成','CVD','DA','','','鍾罩HCW管路安裝及拆卸作業(1)',1),(175,'211','王東為','CVD','DA','天車吊掛作業控制手','天車吊掛作業控制手','',0),(176,'220','游孟蓁','CVD','DA','天車吊掛作業控制手','天車吊掛作業控制手','',0),(177,'222','張文信','CVD','DA','天車吊掛作業控制手','天車吊掛作業控制手','',0),(178,'402','陳士民','CVD','DA','天車吊掛作業控制手','天車吊掛作業控制手','',0),(179,'427','黃瑋筑','CVD','DA','天車吊掛作業控制手','天車吊掛作業控制手','',0),(180,'428','林銘彥','CVD','DA','天車吊掛作業控制手','天車吊掛作業控制手','',0),(181,'433','姚宗佑','CVD','DA','天車吊掛作業控制手','天車吊掛作業控制手','',0),(182,'434','周宥霆','CVD','DA','天車吊掛作業控制手','天車吊掛作業控制手','',0),(183,'442','陳政宏','CVD','DA','天車吊掛作業控制手','天車吊掛作業控制手','',0),(184,'454','張芫銘','CVD','DA','天車吊掛作業控制手','天車吊掛作業控制手','',0),(185,'456','蘇宏吉','CVD','DA','天車吊掛作業控制手','天車吊掛作業控制手','',0),(186,'460','劉錫賢','CVD','DA','天車吊掛作業控制手','天車吊掛作業控制手','',0),(187,'474','蔡江朋','CVD','DA','天車吊掛作業控制手','天車吊掛作業控制手','',0),(188,'475','周明鋒','CVD','DA','天車吊掛作業控制手','天車吊掛作業控制手','',0),(189,'477','李家豪','CVD','DA','天車吊掛作業控制手','天車吊掛作業控制手','',0),(190,'478','洪偉陽','CVD','DA','天車吊掛作業控制手','天車吊掛作業控制手','',0),(191,'479','黃任均','CVD','DA','天車吊掛作業控制手','天車吊掛作業控制手','',0),(192,'493','曾詠明','CVD','DA','天車吊掛作業控制手','天車吊掛作業控制手','',0),(193,'505','林國龍','CVD','DA','天車吊掛作業控制手','天車吊掛作業控制手','',0),(194,'518','廖蔚松','CVD','DA','天車吊掛作業控制手','天車吊掛作業控制手','',0),(195,'531','何俊昱','CVD','DA','天車吊掛作業控制手','天車吊掛作業控制手','',0),(196,'534','郭生灃','CVD','DA','天車吊掛作業控制手','天車吊掛作業控制手','',0),(197,'544','黃耀增','CVD','DA','天車吊掛作業控制手','天車吊掛作業控制手','',0),(198,'545','林廸緯','CVD','DA','天車吊掛作業控制手','天車吊掛作業控制手','',0),(199,'546','陳盛暉','CVD','DA','天車吊掛作業控制手','天車吊掛作業控制手','',0),(200,'549','王容豐','CVD','DA','天車吊掛作業控制手','天車吊掛作業控制手','',0),(201,'572','李俊穎','CVD','DA','天車吊掛作業控制手','天車吊掛作業控制手','',0),(202,'588','林為成','CVD','DA','天車吊掛作業控制手','天車吊掛作業控制手','',0),(203,'211','王東為','CVD','DA','','','鐘罩鎖固及鬆脫作業板手人員(1)',1),(204,'211','王東為','CVD','DA','','','鐘罩鎖固及鬆脫作業控制器人員(1)	',1),(205,'220','游孟蓁','CVD','DA','','','鐘罩鎖固及鬆脫作業板手人員(1)',1),(206,'220','游孟蓁','CVD','DA','','','鐘罩鎖固及鬆脫作業控制器人員(1)',1),(207,'222','張文信','CVD','DA','','','鐘罩鎖固及鬆脫作業板手人員(1)',1),(208,'222','張文信','CVD','DA','','','鐘罩鎖固及鬆脫作業控制器人員(1)',1),(209,'402','陳士民','CVD','DA','','','鐘罩鎖固及鬆脫作業板手人員(1)',1),(210,'402','陳士民','CVD','DA','','','鐘罩鎖固及鬆脫作業控制器人員(1)',1),(211,'427','黃瑋筑','CVD','DA','','','鐘罩鎖固及鬆脫作業板手人員(1)',1),(212,'427','黃瑋筑','CVD','DA','','','鐘罩鎖固及鬆脫作業控制器人員(1)',1),(213,'428','林銘彥','CVD','DA','','','鐘罩鎖固及鬆脫作業板手人員(1)',1),(214,'428','林銘彥','CVD','DA','','','鐘罩鎖固及鬆脫作業控制器人員(1)',1),(215,'433','姚宗佑','CVD','DA','','','鐘罩鎖固及鬆脫作業板手人員(1)',1),(216,'433','姚宗佑','CVD','DA','','','鐘罩鎖固及鬆脫作業控制器人員(1)',1),(217,'434','周宥霆','CVD','DA','','','鐘罩鎖固及鬆脫作業板手人員(1)',1),(218,'434','周宥霆','CVD','DA','','','鐘罩鎖固及鬆脫作業控制器人員(1)',1),(219,'442','陳政宏','CVD','DA','','','鐘罩鎖固及鬆脫作業板手人員(1)',1),(220,'442','陳政宏','CVD','DA','','','鐘罩鎖固及鬆脫作業控制器人員(1)',1),(221,'454','張芫銘','CVD','DA','','','鐘罩鎖固及鬆脫作業板手人員(1)',1),(222,'454','張芫銘','CVD','DA','','','鐘罩鎖固及鬆脫作業控制器人員(1)',1),(223,'456','蘇宏吉','CVD','DA','','','鐘罩鎖固及鬆脫作業板手人員(1)',1),(224,'456','蘇宏吉','CVD','DA','','','鐘罩鎖固及鬆脫作業控制器人員(1)',1),(225,'460','劉錫賢','CVD','DA','','','鐘罩鎖固及鬆脫作業板手人員(1)',1),(226,'460','劉錫賢','CVD','DA','','','鐘罩鎖固及鬆脫作業控制器人員(1)',1),(227,'474','蔡江朋','CVD','DA','','','鐘罩鎖固及鬆脫作業板手人員(1)',1),(228,'474','蔡江朋','CVD','DA','','','鐘罩鎖固及鬆脫作業控制器人員(1)',1),(229,'475','周明鋒','CVD','DA','','','鐘罩鎖固及鬆脫作業板手人員(1)',1),(230,'475','周明鋒','CVD','DA','','','鐘罩鎖固及鬆脫作業控制器人員(1)',1),(231,'477','李家豪','CVD','DA','','','鐘罩鎖固及鬆脫作業板手人員(1)',1),(232,'477','李家豪','CVD','DA','','','鐘罩鎖固及鬆脫作業控制器人員(1)',1),(233,'478','洪偉陽','CVD','DA','','','鐘罩鎖固及鬆脫作業板手人員(1)',1),(234,'478','洪偉陽','CVD','DA','','','鐘罩鎖固及鬆脫作業控制器人員(1)',1),(235,'479','黃任均','CVD','DA','','','鐘罩鎖固及鬆脫作業板手人員(1)',1),(236,'479','黃任均','CVD','DA','','','鐘罩鎖固及鬆脫作業控制器人員(1)',1),(237,'493','曾詠明','CVD','DA','','','鐘罩鎖固及鬆脫作業板手人員(1)',1),(238,'493','曾詠明','CVD','DA','','','鐘罩鎖固及鬆脫作業控制器人員(1)',1),(239,'505','林國龍','CVD','DA','','','鐘罩鎖固及鬆脫作業板手人員(1)',1),(240,'505','林國龍','CVD','DA','','','鐘罩鎖固及鬆脫作業控制器人員(1)',1),(241,'518','廖蔚松','CVD','DA','','','鐘罩鎖固及鬆脫作業板手人員(1)',1),(242,'518','廖蔚松','CVD','DA','','','鐘罩鎖固及鬆脫作業控制器人員(1)',1),(243,'531','何俊昱','CVD','DA','','','鐘罩鎖固及鬆脫作業板手人員(1)',1),(244,'531','何俊昱','CVD','DA','','','鐘罩鎖固及鬆脫作業控制器人員(1)',1),(245,'534','郭生灃','CVD','DA','','','鐘罩鎖固及鬆脫作業板手人員(1)',1),(246,'534','郭生灃','CVD','DA','','','鐘罩鎖固及鬆脫作業控制器人員(1)',1),(247,'544','黃耀增','CVD','DA','','','鐘罩鎖固及鬆脫作業板手人員(1)',1),(248,'544','黃耀增','CVD','DA','','','鐘罩鎖固及鬆脫作業控制器人員(1)',1),(249,'545','林廸緯','CVD','DA','','','鐘罩鎖固及鬆脫作業板手人員(1)',1),(250,'545','林廸緯','CVD','DA','','','鐘罩鎖固及鬆脫作業控制器人員(1)',1),(251,'546','陳盛暉','CVD','DA','','','鐘罩鎖固及鬆脫作業板手人員(1)',1),(252,'546','陳盛暉','CVD','DA','','','鐘罩鎖固及鬆脫作業控制器人員(1)',1),(253,'549','王容豐','CVD','DA','','','鐘罩鎖固及鬆脫作業板手人員(1)',1),(254,'549','王容豐','CVD','DA','','','鐘罩鎖固及鬆脫作業控制器人員(1)',1),(255,'572','李俊穎','CVD','DA','','','鐘罩鎖固及鬆脫作業板手人員(1)',1),(256,'572','李俊穎','CVD','DA','','','鐘罩鎖固及鬆脫作業控制器人員(1)',1),(257,'588','林為成','CVD','DA','','','鐘罩鎖固及鬆脫作業板手人員(1)',1),(258,'588','林為成','CVD','DA','','','鐘罩鎖固及鬆脫作業控制器人員(1)',1),(259,'211','王東為','CVD','DA','','','鐘罩鎖固及鬆脫作業控制器人員(1)',1);
/*!40000 ALTER TABLE `person_certification_info` ENABLE KEYS */;
UNLOCK TABLES;

--
-- Table structure for table `person_certification_record`
--

DROP TABLE IF EXISTS `person_certification_record`;
/*!40101 SET @saved_cs_client     = @@character_set_client */;
 SET character_set_client = utf8mb4 ;
CREATE TABLE `person_certification_record` (
  `id` int(11) NOT NULL AUTO_INCREMENT,
  `person_certification_id` int(11) DEFAULT NULL,
  `knowledge_date` date DEFAULT NULL,
  `knowledge_score` int(11) DEFAULT NULL,
  `technical_date` date DEFAULT NULL,
  `technical_score` int(11) DEFAULT NULL,
  `training_date` date DEFAULT NULL,
  `trainer` varchar(6) COLLATE utf8_bin DEFAULT NULL,
  PRIMARY KEY (`id`),
  KEY `person_certification_fk_idx` (`person_certification_id`),
  CONSTRAINT `person_certification_fk` FOREIGN KEY (`person_certification_id`) REFERENCES `person_certification_info` (`id`)
) ENGINE=InnoDB AUTO_INCREMENT=204 DEFAULT CHARSET=utf8 COLLATE=utf8_bin;
/*!40101 SET character_set_client = @saved_cs_client */;

--
-- Dumping data for table `person_certification_record`
--

LOCK TABLES `person_certification_record` WRITE;
/*!40000 ALTER TABLE `person_certification_record` DISABLE KEYS */;
INSERT INTO `person_certification_record` VALUES (1,6,'2018-11-12',100,'2018-11-12',100,NULL,'姚紹貿'),(2,9,'2018-11-12',100,'2018-11-12',100,NULL,'姚紹貿'),(3,12,'2018-11-12',100,'2018-11-12',100,NULL,'姚紹貿'),(4,15,'2018-11-12',100,'2018-11-12',100,NULL,'姚紹貿'),(5,18,'2018-11-13',100,'2018-11-14',100,NULL,'王東為'),(6,21,'2018-11-12',100,'2018-11-14',100,NULL,'王東為'),(7,24,'2018-11-12',100,'2018-11-13',100,NULL,'王東為'),(8,27,'2018-11-12',100,'2018-11-13',100,NULL,'王東為'),(9,30,'2018-11-12',100,'2018-11-13',100,NULL,'王東為'),(10,33,'2018-11-12',100,'2018-11-13',100,NULL,'王東為'),(11,36,'2018-11-13',100,'2018-11-14',100,NULL,'王東為'),(12,39,'2018-11-12',90,'2018-11-14',100,NULL,'王東為'),(13,42,'2018-11-12',100,'2018-11-12',100,NULL,'王東為'),(14,45,'2018-11-12',100,'2018-11-13',95,NULL,'王東為'),(15,48,'2018-11-12',85,'2018-11-13',100,NULL,'王東為'),(16,51,'2018-11-12',100,'2018-11-13',100,NULL,'王東為'),(17,54,'2018-11-12',100,'2018-11-13',98,NULL,'王東為'),(18,57,'2018-11-12',100,'2018-11-12',100,NULL,'王東為'),(19,60,'2018-11-12',100,'2018-11-14',100,NULL,'王東為'),(20,63,'2018-11-12',100,'2018-11-14',100,NULL,'王東為'),(21,66,'2018-11-12',87,'2018-11-14',100,NULL,'王東為'),(22,69,'2018-11-12',100,'2018-11-14',100,NULL,'王東為'),(23,72,'2018-11-12',95,'2018-11-14',100,NULL,'王東為'),(24,75,'2018-11-12',95,'2018-11-14',100,NULL,'王東為'),(25,78,'2018-11-12',100,'2018-11-13',100,NULL,'王東為'),(26,81,'2018-11-12',100,'2018-11-13',100,NULL,'王東為'),(27,84,'2018-11-12',100,'2018-11-13',100,NULL,'王東為'),(28,87,'2018-11-12',100,'2018-11-13',100,NULL,'王東為'),(29,7,'2018-11-12',100,'2018-11-12',100,NULL,'姚紹貿'),(30,10,'2018-11-12',100,'2018-11-12',100,NULL,'姚紹貿'),(31,13,'2018-11-12',100,'2018-11-12',100,NULL,'姚紹貿'),(32,16,'2018-11-12',95,'2018-11-12',100,NULL,'姚紹貿'),(33,19,'2018-11-13',95,'2018-11-13',98,NULL,'王東為'),(34,22,'2018-11-12',100,'2018-11-13',100,NULL,'王東為'),(35,25,'2018-11-12',100,'2018-11-14',98,NULL,'王東為'),(36,28,'2018-11-12',95,'2018-11-14',98,NULL,'王東為'),(37,31,'2018-11-12',95,'2018-11-14',86,NULL,'王東為'),(38,34,'2018-11-12',90,'2018-11-14',100,NULL,'王東為'),(39,37,'2018-11-13',100,'2018-11-13',98,NULL,'王東為'),(40,40,'2018-11-12',91,'2018-11-13',96,NULL,'王東為'),(41,43,'2018-11-12',100,'2018-11-12',100,NULL,'王東為'),(42,46,'2018-11-12',100,'2018-11-14',100,NULL,'王東為'),(43,49,'2018-11-12',95,'2018-11-14',96,NULL,'王東為'),(44,52,'2018-11-12',100,'2018-11-14',98,NULL,'王東為'),(45,55,'2018-11-12',95,'2018-11-14',100,NULL,'王東為'),(46,58,'2018-11-12',90,'2018-11-12',100,NULL,'王東為'),(47,61,'2018-11-12',100,'2018-11-14',98,NULL,'王東為'),(48,64,'2018-11-12',91,'2018-11-14',98,NULL,'王東為'),(49,67,'2018-11-12',90,'2018-11-14',98,NULL,'王東為'),(50,70,'2018-11-12',100,'2018-11-13',100,NULL,'王東為'),(51,73,'2018-11-12',81,'2018-11-14',100,NULL,'王東為'),(52,76,'2018-11-12',95,'2018-11-13',98,NULL,'王東為'),(53,79,'2018-11-12',100,'2018-11-14',100,NULL,'王東為'),(54,82,'2018-11-12',90,'2018-11-14',100,NULL,'王東為'),(55,85,'2018-11-12',93,'2018-11-14',98,NULL,'王東為'),(56,88,'2018-11-12',95,'2018-11-14',100,NULL,'王東為'),(57,90,'2018-11-12',95,'2018-11-12',100,NULL,'姚紹貿'),(58,93,'2018-11-12',100,'2018-11-12',100,NULL,'姚紹貿'),(59,96,'2018-11-12',100,'2018-11-12',100,NULL,'姚紹貿'),(60,99,'2018-11-12',100,'2018-11-12',100,NULL,'姚紹貿'),(61,102,'2018-11-12',100,'2018-11-12',100,NULL,'姚紹貿'),(62,8,NULL,NULL,NULL,NULL,'2018-11-09','姚紹貿'),(63,11,NULL,NULL,NULL,NULL,'2018-11-09','姚紹貿'),(64,14,NULL,NULL,NULL,NULL,'2018-11-09','姚紹貿'),(65,17,NULL,NULL,NULL,NULL,'2018-11-09','姚紹貿'),(66,20,NULL,NULL,NULL,NULL,'2018-11-09','姚紹貿'),(67,23,NULL,NULL,NULL,NULL,'2018-11-09','姚紹貿'),(68,26,NULL,NULL,NULL,NULL,'2018-11-09','姚紹貿'),(69,29,NULL,NULL,NULL,NULL,'2018-11-09','姚紹貿'),(70,32,NULL,NULL,NULL,NULL,'2018-11-09','姚紹貿'),(71,35,NULL,NULL,NULL,NULL,'2018-11-09','姚紹貿'),(72,38,NULL,NULL,NULL,NULL,'2018-11-09','姚紹貿'),(73,41,NULL,NULL,NULL,NULL,'2018-11-09','姚紹貿'),(74,44,NULL,NULL,NULL,NULL,'2018-11-09','姚紹貿'),(75,47,NULL,NULL,NULL,NULL,'2018-11-09','姚紹貿'),(76,50,NULL,NULL,NULL,NULL,'2018-11-09','姚紹貿'),(77,53,NULL,NULL,NULL,NULL,'2018-11-09','姚紹貿'),(78,56,NULL,NULL,NULL,NULL,'2018-11-09','姚紹貿'),(79,59,NULL,NULL,NULL,NULL,'2018-11-09','姚紹貿'),(80,62,NULL,NULL,NULL,NULL,'2018-11-09','姚紹貿'),(81,65,NULL,NULL,NULL,NULL,'2018-11-09','姚紹貿'),(82,68,NULL,NULL,NULL,NULL,'2018-11-09','姚紹貿'),(83,71,NULL,NULL,NULL,NULL,'2018-11-09','姚紹貿'),(84,74,NULL,NULL,NULL,NULL,'2018-11-09','姚紹貿'),(85,77,NULL,NULL,NULL,NULL,'2018-11-09','姚紹貿'),(86,80,NULL,NULL,NULL,NULL,'2018-11-09','姚紹貿'),(87,83,NULL,NULL,NULL,NULL,'2018-11-09','姚紹貿'),(88,86,NULL,NULL,NULL,NULL,'2018-11-09','姚紹貿'),(89,89,NULL,NULL,NULL,NULL,'2018-11-09','姚紹貿'),(90,120,'2018-11-12',100,'2018-11-12',100,NULL,'姚紹貿'),(91,175,'2018-11-09',100,'2018-11-09',100,'2018-11-09','姚紹貿'),(92,176,'2018-11-09',100,'2018-11-09',100,'2018-11-09','姚紹貿'),(93,177,'2018-11-09',100,'2018-11-09',100,'2018-11-09','姚紹貿'),(94,178,'2018-11-09',100,'2018-11-09',100,'2018-11-09','姚紹貿'),(110,91,NULL,NULL,NULL,NULL,'2018-11-09','姚紹貿'),(111,94,NULL,NULL,NULL,NULL,'2018-11-09','姚紹貿'),(112,97,NULL,NULL,NULL,NULL,'2018-11-09','姚紹貿'),(113,100,NULL,NULL,NULL,NULL,'2018-11-09','姚紹貿'),(114,103,NULL,NULL,NULL,NULL,'2018-11-09','姚紹貿'),(115,106,NULL,NULL,NULL,NULL,'2018-11-09','姚紹貿'),(116,109,NULL,NULL,NULL,NULL,'2018-11-09','姚紹貿'),(117,112,NULL,NULL,NULL,NULL,'2018-11-09','姚紹貿'),(123,115,NULL,NULL,NULL,NULL,'2018-11-09','姚紹貿'),(124,118,NULL,NULL,NULL,NULL,'2018-11-09','姚紹貿'),(125,121,NULL,NULL,NULL,NULL,'2018-11-09','姚紹貿'),(126,124,NULL,NULL,NULL,NULL,'2018-11-09','姚紹貿'),(127,127,NULL,NULL,NULL,NULL,'2018-11-09','姚紹貿'),(128,130,NULL,NULL,NULL,NULL,'2018-11-09','姚紹貿'),(134,133,NULL,NULL,NULL,NULL,'2018-11-09','姚紹貿'),(135,136,NULL,NULL,NULL,NULL,'2018-11-09','姚紹貿'),(136,139,NULL,NULL,NULL,NULL,'2018-11-09','姚紹貿'),(137,142,NULL,NULL,NULL,NULL,'2018-11-09','姚紹貿'),(138,145,NULL,NULL,NULL,NULL,'2018-11-09','姚紹貿'),(139,148,NULL,NULL,NULL,NULL,'2018-11-09','姚紹貿'),(140,151,NULL,NULL,NULL,NULL,'2018-11-09','姚紹貿'),(141,154,NULL,NULL,NULL,NULL,'2018-11-09','姚紹貿'),(142,157,NULL,NULL,NULL,NULL,'2018-11-09','姚紹貿'),(143,160,NULL,NULL,NULL,NULL,'2018-11-09','姚紹貿'),(144,163,NULL,NULL,NULL,NULL,'2018-11-09','姚紹貿'),(145,166,NULL,NULL,NULL,NULL,'2018-11-09','姚紹貿'),(146,169,NULL,NULL,NULL,NULL,'2018-11-09','姚紹貿'),(147,172,NULL,NULL,NULL,NULL,'2018-11-09','姚紹貿'),(148,203,NULL,NULL,NULL,NULL,'2018-11-09','姚紹貿'),(149,205,NULL,NULL,NULL,NULL,'2018-11-09','姚紹貿'),(150,207,NULL,NULL,NULL,NULL,'2018-11-09','姚紹貿'),(151,209,NULL,NULL,NULL,NULL,'2018-11-09','姚紹貿'),(152,211,NULL,NULL,NULL,NULL,'2018-11-09','姚紹貿'),(153,213,NULL,NULL,NULL,NULL,'2018-11-09','姚紹貿'),(154,215,NULL,NULL,NULL,NULL,'2018-11-09','姚紹貿'),(155,217,NULL,NULL,NULL,NULL,'2018-11-09','姚紹貿'),(156,219,NULL,NULL,NULL,NULL,'2018-11-09','姚紹貿'),(157,221,NULL,NULL,NULL,NULL,'2018-11-09','姚紹貿'),(158,223,NULL,NULL,NULL,NULL,'2018-11-09','姚紹貿'),(159,225,NULL,NULL,NULL,NULL,'2018-11-09','姚紹貿'),(160,227,NULL,NULL,NULL,NULL,'2018-11-09','姚紹貿'),(161,229,NULL,NULL,NULL,NULL,'2018-11-09','姚紹貿'),(162,231,NULL,NULL,NULL,NULL,'2018-11-09','姚紹貿'),(163,233,NULL,NULL,NULL,NULL,'2018-11-09','姚紹貿'),(164,235,NULL,NULL,NULL,NULL,'2018-11-09','姚紹貿'),(165,237,NULL,NULL,NULL,NULL,'2018-11-09','姚紹貿'),(166,239,NULL,NULL,NULL,NULL,'2018-11-09','姚紹貿'),(167,241,NULL,NULL,NULL,NULL,'2018-11-09','姚紹貿'),(168,243,NULL,NULL,NULL,NULL,'2018-11-09','姚紹貿'),(169,245,NULL,NULL,NULL,NULL,'2018-11-09','姚紹貿'),(170,247,NULL,NULL,NULL,NULL,'2018-11-09','姚紹貿'),(171,249,NULL,NULL,NULL,NULL,'2018-11-09','姚紹貿'),(172,251,NULL,NULL,NULL,NULL,'2018-11-09','姚紹貿'),(173,253,NULL,NULL,NULL,NULL,'2018-11-09','姚紹貿'),(174,255,NULL,NULL,NULL,NULL,'2018-11-09','姚紹貿'),(175,257,NULL,NULL,NULL,NULL,'2018-11-09','姚紹貿'),(176,206,NULL,NULL,NULL,NULL,'2018-11-09','姚紹貿'),(177,208,NULL,NULL,NULL,NULL,'2018-11-09','姚紹貿'),(178,210,NULL,NULL,NULL,NULL,'2018-11-09','姚紹貿'),(179,212,NULL,NULL,NULL,NULL,'2018-11-09','姚紹貿'),(180,214,NULL,NULL,NULL,NULL,'2018-11-09','姚紹貿'),(181,216,NULL,NULL,NULL,NULL,'2018-11-09','姚紹貿'),(182,218,NULL,NULL,NULL,NULL,'2018-11-09','姚紹貿'),(183,220,NULL,NULL,NULL,NULL,'2018-11-09','姚紹貿'),(184,222,NULL,NULL,NULL,NULL,'2018-11-09','姚紹貿'),(185,224,NULL,NULL,NULL,NULL,'2018-11-09','姚紹貿'),(186,226,NULL,NULL,NULL,NULL,'2018-11-09','姚紹貿'),(187,228,NULL,NULL,NULL,NULL,'2018-11-09','姚紹貿'),(188,230,NULL,NULL,NULL,NULL,'2018-11-09','姚紹貿'),(189,232,NULL,NULL,NULL,NULL,'2018-11-09','姚紹貿'),(190,234,NULL,NULL,NULL,NULL,'2018-11-09','姚紹貿'),(191,236,NULL,NULL,NULL,NULL,'2018-11-09','姚紹貿'),(192,238,NULL,NULL,NULL,NULL,'2018-11-09','姚紹貿'),(193,240,NULL,NULL,NULL,NULL,'2018-11-09','姚紹貿'),(194,242,NULL,NULL,NULL,NULL,'2018-11-09','姚紹貿'),(195,244,NULL,NULL,NULL,NULL,'2018-11-09','姚紹貿'),(196,246,NULL,NULL,NULL,NULL,'2018-11-09','姚紹貿'),(197,248,NULL,NULL,NULL,NULL,'2018-11-09','姚紹貿'),(198,250,NULL,NULL,NULL,NULL,'2018-11-09','姚紹貿'),(199,252,NULL,NULL,NULL,NULL,'2018-11-09','姚紹貿'),(200,254,NULL,NULL,NULL,NULL,'2018-11-09','姚紹貿'),(201,256,NULL,NULL,NULL,NULL,'2018-11-09','姚紹貿'),(202,258,NULL,NULL,NULL,NULL,'2018-11-09','姚紹貿'),(203,259,NULL,NULL,NULL,NULL,'2018-11-09','姚紹貿');
/*!40000 ALTER TABLE `person_certification_record` ENABLE KEYS */;
UNLOCK TABLES;

--
-- Table structure for table `person_class_info`
--

DROP TABLE IF EXISTS `person_class_info`;
/*!40101 SET @saved_cs_client     = @@character_set_client */;
 SET character_set_client = utf8mb4 ;
CREATE TABLE `person_class_info` (
  `id` int(11) NOT NULL AUTO_INCREMENT,
  `work_num` varchar(5) COLLATE utf8_bin DEFAULT NULL COMMENT '工號',
  `name` varchar(6) COLLATE utf8_bin DEFAULT NULL,
  `class_name` varchar(20) COLLATE utf8_bin DEFAULT NULL COMMENT '課程名稱',
  `onduty` tinyint(4) DEFAULT '1',
  PRIMARY KEY (`id`)
) ENGINE=InnoDB AUTO_INCREMENT=374 DEFAULT CHARSET=utf8 COLLATE=utf8_bin;
/*!40101 SET character_set_client = @saved_cs_client */;

--
-- Dumping data for table `person_class_info`
--

LOCK TABLES `person_class_info` WRITE;
/*!40000 ALTER TABLE `person_class_info` DISABLE KEYS */;
INSERT INTO `person_class_info` VALUES (1,'211','王東為','結晶矽作業區介紹',1),(2,'211','王東為','製造組人員規範',1),(3,'211','王東為','結晶矽作業區安全須知',1),(4,'211','王東為','製造組直接人員標準作業規範',1),(5,'220','游孟蓁','結晶矽作業區介紹',1),(6,'220','游孟蓁','製造組人員規範',1),(7,'220','游孟蓁','結晶矽作業區安全須知',1),(8,'220','游孟蓁','製造組直接人員標準作業規範',1),(9,'222','張文信','結晶矽作業區介紹',1),(10,'222','張文信','製造組人員規範',1),(11,'222','張文信','結晶矽作業區安全須知',1),(12,'222','張文信','製造組直接人員標準作業規範',1),(13,'402','陳士民','結晶矽作業區介紹',1),(14,'402','陳士民','製造組人員規範',1),(15,'402','陳士民','結晶矽作業區安全須知',1),(16,'402','陳士民','製造組直接人員標準作業規範',1),(17,'408','陳昱璋','結晶矽作業區介紹',1),(18,'408','陳昱璋','製造組人員規範',1),(19,'408','陳昱璋','結晶矽作業區安全須知',1),(20,'408','陳昱璋','製造組直接人員標準作業規範',1),(21,'427','黃瑋筑','結晶矽作業區介紹',1),(22,'427','黃瑋筑','製造組人員規範',1),(23,'427','黃瑋筑','結晶矽作業區安全須知',1),(24,'427','黃瑋筑','製造組直接人員標準作業規範',1),(25,'428','林銘彥','結晶矽作業區介紹',1),(26,'428','林銘彥','製造組人員規範',1),(27,'428','林銘彥','結晶矽作業區安全須知',1),(28,'428','林銘彥','製造組直接人員標準作業規範',1),(29,'433','姚宗佑','結晶矽作業區介紹',1),(30,'433','姚宗佑','製造組人員規範',1),(31,'433','姚宗佑','結晶矽作業區安全須知',1),(32,'433','姚宗佑','製造組直接人員標準作業規範',1),(33,'434','周宥霆','結晶矽作業區介紹',1),(34,'434','周宥霆','製造組人員規範',1),(35,'434','周宥霆','結晶矽作業區安全須知',1),(36,'434','周宥霆','製造組直接人員標準作業規範',1),(37,'442','陳政宏','結晶矽作業區介紹',1),(38,'442','陳政宏','製造組人員規範',1),(39,'442','陳政宏','結晶矽作業區安全須知',1),(40,'442','陳政宏','製造組直接人員標準作業規範',1),(41,'443','陳珮瑜','結晶矽作業區介紹',1),(42,'443','陳珮瑜','製造組人員規範',1),(43,'443','陳珮瑜','結晶矽作業區安全須知',1),(44,'443','陳珮瑜','製造組直接人員標準作業規範',1),(45,'444','李佳玲','結晶矽作業區介紹',1),(46,'444','李佳玲','製造組人員規範',1),(47,'444','李佳玲','結晶矽作業區安全須知',1),(48,'444','李佳玲','製造組直接人員標準作業規範',1),(49,'454','張芫銘','結晶矽作業區介紹',1),(50,'454','張芫銘','製造組人員規範',1),(51,'454','張芫銘','結晶矽作業區安全須知',1),(52,'454','張芫銘','製造組直接人員標準作業規範',1),(53,'455','劉佳蓉','結晶矽作業區介紹',1),(54,'455','劉佳蓉','製造組人員規範',1),(55,'455','劉佳蓉','結晶矽作業區安全須知',1),(56,'455','劉佳蓉','製造組直接人員標準作業規範',1),(57,'456','蘇宏吉','結晶矽作業區介紹',1),(58,'456','蘇宏吉','製造組人員規範',1),(59,'456','蘇宏吉','結晶矽作業區安全須知',1),(60,'456','蘇宏吉','製造組直接人員標準作業規範',1),(61,'458','張富農','結晶矽作業區介紹',1),(62,'458','張富農','製造組人員規範',1),(63,'458','張富農','結晶矽作業區安全須知',1),(64,'458','張富農','製造組直接人員標準作業規範',1),(65,'459','蔡珈昇','結晶矽作業區介紹',1),(66,'459','蔡珈昇','製造組人員規範',1),(67,'459','蔡珈昇','結晶矽作業區安全須知',1),(68,'459','蔡珈昇','製造組直接人員標準作業規範',1),(69,'460','劉錫賢','結晶矽作業區介紹',1),(70,'460','劉錫賢','製造組人員規範',1),(71,'460','劉錫賢','結晶矽作業區安全須知',1),(72,'460','劉錫賢','製造組直接人員標準作業規範',1),(73,'474','蔡江朋','結晶矽作業區介紹',1),(74,'474','蔡江朋','製造組人員規範',1),(75,'474','蔡江朋','結晶矽作業區安全須知',1),(76,'474','蔡江朋','製造組直接人員標準作業規範',1),(77,'475','周明鋒','結晶矽作業區介紹',1),(78,'475','周明鋒','製造組人員規範',1),(79,'475','周明鋒','結晶矽作業區安全須知',1),(80,'475','周明鋒','製造組直接人員標準作業規範',1),(81,'476','董怡菁','結晶矽作業區介紹',1),(82,'476','董怡菁','製造組人員規範',1),(83,'476','董怡菁','結晶矽作業區安全須知',1),(84,'476','董怡菁','製造組直接人員標準作業規範',1),(85,'477','李家豪','結晶矽作業區介紹',1),(86,'477','李家豪','製造組人員規範',1),(87,'477','李家豪','結晶矽作業區安全須知',1),(88,'477','李家豪','製造組直接人員標準作業規範',1),(89,'478','洪偉陽','結晶矽作業區介紹',1),(90,'478','洪偉陽','製造組人員規範',1),(91,'478','洪偉陽','結晶矽作業區安全須知',1),(92,'478','洪偉陽','製造組直接人員標準作業規範',1),(93,'479','黃任均','結晶矽作業區介紹',1),(94,'479','黃任均','製造組人員規範',1),(95,'479','黃任均','結晶矽作業區安全須知',1),(96,'479','黃任均','製造組直接人員標準作業規範',1),(97,'480','林金宏','結晶矽作業區介紹',1),(98,'480','林金宏','製造組人員規範',1),(99,'480','林金宏','結晶矽作業區安全須知',1),(100,'480','林金宏','製造組直接人員標準作業規範',1),(101,'488','林榆芸','結晶矽作業區介紹',1),(102,'488','林榆芸','製造組人員規範',1),(103,'488','林榆芸','結晶矽作業區安全須知',1),(104,'488','林榆芸','製造組直接人員標準作業規範',1),(105,'490','陳金生','結晶矽作業區介紹',1),(106,'490','陳金生','製造組人員規範',1),(107,'490','陳金生','結晶矽作業區安全須知',1),(108,'490','陳金生','製造組直接人員標準作業規範',1),(109,'491','周敏惠','結晶矽作業區介紹',1),(110,'491','周敏惠','製造組人員規範',1),(111,'491','周敏惠','結晶矽作業區安全須知',1),(112,'491','周敏惠','製造組直接人員標準作業規範',1),(113,'493','曾詠明','結晶矽作業區介紹',1),(114,'493','曾詠明','製造組人員規範',1),(115,'493','曾詠明','結晶矽作業區安全須知',1),(116,'493','曾詠明','製造組直接人員標準作業規範',1),(117,'495','王政文','結晶矽作業區介紹',1),(118,'495','王政文','製造組人員規範',1),(119,'495','王政文','結晶矽作業區安全須知',1),(120,'495','王政文','製造組直接人員標準作業規範',1),(121,'503','林俊宇','結晶矽作業區介紹',1),(122,'503','林俊宇','製造組人員規範',1),(123,'503','林俊宇','結晶矽作業區安全須知',1),(124,'503','林俊宇','製造組直接人員標準作業規範',1),(125,'504','白惠雯','結晶矽作業區介紹',1),(126,'504','白惠雯','製造組人員規範',1),(127,'504','白惠雯','結晶矽作業區安全須知',1),(128,'504','白惠雯','製造組直接人員標準作業規範',1),(129,'505','林國龍','結晶矽作業區介紹',1),(130,'505','林國龍','製造組人員規範',1),(131,'505','林國龍','結晶矽作業區安全須知',1),(132,'505','林國龍','製造組直接人員標準作業規範',1),(133,'506','陳柏諭','結晶矽作業區介紹',1),(134,'506','陳柏諭','製造組人員規範',1),(135,'506','陳柏諭','結晶矽作業區安全須知',1),(136,'506','陳柏諭','製造組直接人員標準作業規範',1),(137,'516','葉如菁','結晶矽作業區介紹',1),(138,'516','葉如菁','製造組人員規範',1),(139,'516','葉如菁','結晶矽作業區安全須知',1),(140,'516','葉如菁','製造組直接人員標準作業規範',1),(141,'518','廖蔚松','結晶矽作業區介紹',1),(142,'518','廖蔚松','製造組人員規範',1),(143,'518','廖蔚松','結晶矽作業區安全須知',1),(144,'518','廖蔚松','製造組直接人員標準作業規範',1),(145,'528','李淑惠','結晶矽作業區介紹',1),(146,'528','李淑惠','製造組人員規範',1),(147,'528','李淑惠','結晶矽作業區安全須知',1),(148,'528','李淑惠','製造組直接人員標準作業規範',1),(149,'529','林遠香','結晶矽作業區介紹',1),(150,'529','林遠香','製造組人員規範',1),(151,'529','林遠香','結晶矽作業區安全須知',1),(152,'529','林遠香','製造組直接人員標準作業規範',1),(153,'531','何俊昱','結晶矽作業區介紹',1),(154,'531','何俊昱','製造組人員規範',1),(155,'531','何俊昱','結晶矽作業區安全須知',1),(156,'531','何俊昱','製造組直接人員標準作業規範',1),(157,'533','林健豪','結晶矽作業區介紹',1),(158,'533','林健豪','製造組人員規範',1),(159,'533','林健豪','結晶矽作業區安全須知',1),(160,'533','林健豪','製造組直接人員標準作業規範',1),(161,'534','郭生灃','結晶矽作業區介紹',1),(162,'534','郭生灃','製造組人員規範',1),(163,'534','郭生灃','結晶矽作業區安全須知',1),(164,'534','郭生灃','製造組直接人員標準作業規範',1),(165,'535','陳佩君','結晶矽作業區介紹',1),(166,'535','陳佩君','製造組人員規範',1),(167,'535','陳佩君','結晶矽作業區安全須知',1),(168,'535','陳佩君','製造組直接人員標準作業規範',1),(169,'536','蔣忠容','結晶矽作業區介紹',1),(170,'536','蔣忠容','製造組人員規範',1),(171,'536','蔣忠容','結晶矽作業區安全須知',1),(172,'536','蔣忠容','製造組直接人員標準作業規範',1),(173,'537','劉錫慶','結晶矽作業區介紹',1),(174,'537','劉錫慶','製造組人員規範',1),(175,'537','劉錫慶','結晶矽作業區安全須知',1),(176,'537','劉錫慶','製造組直接人員標準作業規範',1),(177,'541','楊淑玲','結晶矽作業區介紹',1),(178,'541','楊淑玲','製造組人員規範',1),(179,'541','楊淑玲','結晶矽作業區安全須知',1),(180,'541','楊淑玲','製造組直接人員標準作業規範',1),(181,'544','黃耀增','結晶矽作業區介紹',1),(182,'544','黃耀增','製造組人員規範',1),(183,'544','黃耀增','結晶矽作業區安全須知',1),(184,'544','黃耀增','製造組直接人員標準作業規範',1),(185,'545','林廸緯','結晶矽作業區介紹',1),(186,'545','林廸緯','製造組人員規範',1),(187,'545','林廸緯','結晶矽作業區安全須知',1),(188,'545','林廸緯','製造組直接人員標準作業規範',1),(189,'546','陳盛暉','結晶矽作業區介紹',1),(190,'546','陳盛暉','製造組人員規範',1),(191,'546','陳盛暉','結晶矽作業區安全須知',1),(192,'546','陳盛暉','製造組直接人員標準作業規範',1),(193,'547','趙柏瑞','結晶矽作業區介紹',1),(194,'547','趙柏瑞','製造組人員規範',1),(195,'547','趙柏瑞','結晶矽作業區安全須知',1),(196,'547','趙柏瑞','製造組直接人員標準作業規範',1),(197,'548','葉惠芳','結晶矽作業區介紹',1),(198,'548','葉惠芳','製造組人員規範',1),(199,'548','葉惠芳','結晶矽作業區安全須知',1),(200,'548','葉惠芳','製造組直接人員標準作業規範',1),(201,'549','王容豐','結晶矽作業區介紹',1),(202,'549','王容豐','製造組人員規範',1),(203,'549','王容豐','結晶矽作業區安全須知',1),(204,'549','王容豐','製造組直接人員標準作業規範',1),(205,'555','陳宥允','結晶矽作業區介紹',1),(206,'555','陳宥允','製造組人員規範',1),(207,'555','陳宥允','結晶矽作業區安全須知',1),(208,'555','陳宥允','製造組直接人員標準作業規範',1),(209,'556','林昭萍','結晶矽作業區介紹',1),(210,'556','林昭萍','製造組人員規範',1),(211,'556','林昭萍','結晶矽作業區安全須知',1),(212,'556','林昭萍','製造組直接人員標準作業規範',1),(213,'563','黃健軒','結晶矽作業區介紹',1),(214,'563','黃健軒','製造組人員規範',1),(215,'563','黃健軒','結晶矽作業區安全須知',1),(216,'563','黃健軒','製造組直接人員標準作業規範',1),(217,'571','黃媚娸','結晶矽作業區介紹',1),(218,'571','黃媚娸','製造組人員規範',1),(219,'571','黃媚娸','結晶矽作業區安全須知',1),(220,'571','黃媚娸','製造組直接人員標準作業規範',1),(221,'572','李俊穎','結晶矽作業區介紹',1),(222,'572','李俊穎','製造組人員規範',1),(223,'572','李俊穎','結晶矽作業區安全須知',1),(224,'572','李俊穎','製造組直接人員標準作業規範',1),(225,'573','林凱盈','結晶矽作業區介紹',1),(226,'573','林凱盈','製造組人員規範',1),(227,'573','林凱盈','結晶矽作業區安全須知',1),(228,'573','林凱盈','製造組直接人員標準作業規範',1),(229,'574','張宛毓','結晶矽作業區介紹',1),(230,'574','張宛毓','製造組人員規範',1),(231,'574','張宛毓','結晶矽作業區安全須知',1),(232,'574','張宛毓','製造組直接人員標準作業規範',1),(233,'583','王婉柔','結晶矽作業區介紹',1),(234,'583','王婉柔','製造組人員規範',1),(235,'583','王婉柔','結晶矽作業區安全須知',1),(236,'583','王婉柔','製造組直接人員標準作業規範',1),(237,'584','王群涵','結晶矽作業區介紹',1),(238,'584','王群涵','製造組人員規範',1),(239,'584','王群涵','結晶矽作業區安全須知',1),(240,'584','王群涵','製造組直接人員標準作業規範',1),(241,'585','陳亭儒','結晶矽作業區介紹',1),(242,'585','陳亭儒','製造組人員規範',1),(243,'585','陳亭儒','結晶矽作業區安全須知',1),(244,'585','陳亭儒','製造組直接人員標準作業規範',1),(245,'587','蔡明褞','結晶矽作業區介紹',1),(246,'587','蔡明褞','製造組人員規範',1),(247,'587','蔡明褞','結晶矽作業區安全須知',1),(248,'587','蔡明褞','製造組直接人員標準作業規範',1),(249,'588','林為成','結晶矽作業區介紹',1),(250,'588','林為成','製造組人員規範',1),(251,'588','林為成','結晶矽作業區安全須知',1),(252,'588','林為成','製造組直接人員標準作業規範',1),(253,'598','林嘉俊','結晶矽作業區介紹',1),(254,'598','林嘉俊','製造組人員規範',1),(255,'598','林嘉俊','結晶矽作業區安全須知',1),(256,'598','林嘉俊','製造組直接人員標準作業規範',1),(257,'599','陳信安','結晶矽作業區介紹',1),(258,'599','陳信安','製造組人員規範',1),(259,'599','陳信安','結晶矽作業區安全須知',1),(260,'599','陳信安','製造組直接人員標準作業規範',1),(261,'605','李葦瀚','結晶矽作業區介紹',1),(262,'605','李葦瀚','製造組人員規範',1),(263,'605','李葦瀚','結晶矽作業區安全須知',1),(264,'605','李葦瀚','製造組直接人員標準作業規範',1),(265,'606','施文婷','結晶矽作業區介紹',1),(266,'606','施文婷','製造組人員規範',1),(267,'606','施文婷','結晶矽作業區安全須知',1),(268,'606','施文婷','製造組直接人員標準作業規範',1),(269,'619','葉俊傑','結晶矽作業區介紹',1),(270,'619','葉俊傑','製造組人員規範',1),(271,'619','葉俊傑','結晶矽作業區安全須知',1),(272,'619','葉俊傑','製造組直接人員標準作業規範',1),(273,'620','柯淑娟','結晶矽作業區介紹',1),(274,'620','柯淑娟','製造組人員規範',1),(275,'620','柯淑娟','結晶矽作業區安全須知',1),(276,'620','柯淑娟','製造組直接人員標準作業規範',1),(277,'621','王稚翔','結晶矽作業區介紹',1),(278,'621','王稚翔','製造組人員規範',1),(279,'621','王稚翔','結晶矽作業區安全須知',1),(280,'621','王稚翔','製造組直接人員標準作業規範',1),(281,'604','鄭祖元','結晶矽作業區介紹',1),(282,'604','鄭祖元','製造組人員規範',1),(283,'604','鄭祖元','結晶矽作業區安全須知',1),(284,'604','鄭祖元','製造組直接人員標準作業規範',1),(285,'604','鄭祖元','基層主管教育訓練',1),(286,'604','鄭祖元','管制圖',1),(287,'604','鄭祖元','生產排程簡介',1),(288,'604','鄭祖元','製造組異常事件處理流程',1),(289,'604','鄭祖元','品管圈',1),(290,'604','鄭祖元','生產管理報表設計與規劃',1),(291,'618','詹智翔','結晶矽作業區介紹',1),(292,'618','詹智翔','製造組人員規範',1),(293,'618','詹智翔','結晶矽作業區安全須知',1),(294,'618','詹智翔','製造組直接人員標準作業規範',1),(295,'618','詹智翔','基層主管教育訓練',1),(296,'618','詹智翔','管制圖',1),(297,'618','詹智翔','生產排程簡介',1),(298,'618','詹智翔','製造組異常事件處理流程',1),(299,'618','詹智翔','品管圈',1),(300,'618','詹智翔','生產管理報表設計與規劃',1),(301,'569','陳筱筠','結晶矽作業區介紹',1),(302,'569','陳筱筠','製造組人員規範',1),(303,'569','陳筱筠','結晶矽作業區安全須知',1),(304,'569','陳筱筠','製造組直接人員標準作業規範',1),(305,'569','陳筱筠','基層主管教育訓練',1),(306,'628','吳禹鈞','結晶矽作業區介紹',1),(307,'628','吳禹鈞','製造組人員規範',1),(308,'628','吳禹鈞','結晶矽作業區安全須知',1),(309,'628','吳禹鈞','製造組直接人員標準作業規範',1),(310,'629','徐靜儀','結晶矽作業區介紹',1),(311,'629','徐靜儀','製造組人員規範',1),(312,'629','徐靜儀','結晶矽作業區安全須知',1),(313,'629','徐靜儀','製造組直接人員標準作業規範',1),(314,'409','林彥亨','結晶矽作業區介紹',1),(315,'409','林彥亨','製造組人員規範',1),(316,'409','林彥亨','結晶矽作業區安全須知',1),(317,'409','林彥亨','製造組直接人員標準作業規範',1),(318,'409','林彥亨','基層主管教育訓練',1),(319,'409','林彥亨','管制圖',1),(320,'409','林彥亨','生產排程簡介',1),(321,'409','林彥亨','製造組異常事件處理流程',1),(322,'409','林彥亨','品管圈',1),(323,'409','林彥亨','生產管理報表設計與規劃',1),(324,'76','黃冠智','結晶矽作業區介紹',1),(325,'76','黃冠智','製造組人員規範',1),(326,'76','黃冠智','結晶矽作業區安全須知',1),(327,'76','黃冠智','製造組直接人員標準作業規範',1),(328,'76','黃冠智','基層主管教育訓練',1),(329,'76','黃冠智','管制圖',1),(330,'76','黃冠智','生產排程簡介',1),(331,'76','黃冠智','製造組異常事件處理流程',1),(332,'76','黃冠智','品管圈',1),(333,'76','黃冠智','生產管理報表設計與規劃',1),(334,'152','姚紹貿','結晶矽作業區介紹',1),(335,'152','姚紹貿','製造組人員規範',1),(336,'152','姚紹貿','結晶矽作業區安全須知',1),(337,'152','姚紹貿','製造組直接人員標準作業規範',1),(338,'152','姚紹貿','基層主管教育訓練',1),(339,'152','姚紹貿','管制圖',1),(340,'152','姚紹貿','生產排程簡介',1),(341,'152','姚紹貿','製造組異常事件處理流程',1),(342,'152','姚紹貿','品管圈',1),(343,'152','姚紹貿','生產管理報表設計與規劃',1),(344,'229','楊志文','結晶矽作業區介紹',1),(345,'229','楊志文','製造組人員規範',1),(346,'229','楊志文','結晶矽作業區安全須知',1),(347,'229','楊志文','製造組直接人員標準作業規範',1),(348,'229','楊志文','基層主管教育訓練',1),(349,'229','楊志文','管制圖',1),(350,'229','楊志文','生產排程簡介',1),(351,'229','楊志文','製造組異常事件處理流程',1),(352,'229','楊志文','品管圈',1),(353,'229','楊志文','生產管理報表設計與規劃',1),(354,'138','張怡笳','結晶矽作業區介紹',1),(355,'138','張怡笳','結晶矽作業區安全須知',1),(356,'138','張怡笳','製造組人員規範',1),(357,'138','張怡笳','製造組直接人員標準作業規範',1),(358,'138','張怡笳','基層主管教育訓練',1),(359,'138','張怡笳','管制圖',1),(360,'138','張怡笳','生產排程簡介',1),(361,'138','張怡笳','製造組異常事件處理流程',1),(362,'138','張怡笳','品管圈',1),(363,'138','張怡笳','生產管理報表設計與規劃',1),(364,'525','蘇冠憲','結晶矽作業區介紹',1),(365,'525','蘇冠憲','結晶矽作業區安全須知',1),(366,'525','蘇冠憲','製造組人員規範',1),(367,'525','蘇冠憲','製造組直接人員標準作業規範',1),(368,'525','蘇冠憲','基層主管教育訓練',1),(369,'525','蘇冠憲','管制圖',1),(370,'525','蘇冠憲','生產排程簡介',1),(371,'525','蘇冠憲','製造組異常事件處理流程',1),(372,'525','蘇冠憲','品管圈',1),(373,'525','蘇冠憲','生產管理報表設計與規劃',1);
/*!40000 ALTER TABLE `person_class_info` ENABLE KEYS */;
UNLOCK TABLES;

--
-- Table structure for table `person_class_record`
--

DROP TABLE IF EXISTS `person_class_record`;
/*!40101 SET @saved_cs_client     = @@character_set_client */;
 SET character_set_client = utf8mb4 ;
CREATE TABLE `person_class_record` (
  `id` int(11) NOT NULL AUTO_INCREMENT,
  `person_class_id` int(11) DEFAULT NULL,
  `class_date` date DEFAULT NULL COMMENT '上課日期',
  `test_date` date DEFAULT NULL,
  `test_score` int(11) DEFAULT NULL COMMENT '測驗分數',
  PRIMARY KEY (`id`),
  KEY `person_class_idx` (`person_class_id`),
  CONSTRAINT `person_class_fk` FOREIGN KEY (`person_class_id`) REFERENCES `person_class_info` (`id`) ON DELETE CASCADE ON UPDATE CASCADE
) ENGINE=InnoDB AUTO_INCREMENT=354 DEFAULT CHARSET=utf8 COLLATE=utf8_bin COMMENT='人員課程紀錄';
/*!40101 SET character_set_client = @saved_cs_client */;

--
-- Dumping data for table `person_class_record`
--

LOCK TABLES `person_class_record` WRITE;
/*!40000 ALTER TABLE `person_class_record` DISABLE KEYS */;
INSERT INTO `person_class_record` VALUES (1,1,'2018-05-29','2018-05-29',100),(2,2,'2018-07-31','2018-07-31',100),(3,3,'2015-06-26','2015-06-26',94),(4,4,'2015-09-25','2015-09-25',100),(5,5,'2018-05-29','2018-05-29',100),(6,6,'2018-07-31','2018-07-31',100),(7,7,'2015-06-26','2015-06-26',100),(8,8,'2015-09-25','2015-09-25',100),(9,9,'2018-05-29','2018-06-01',100),(10,10,'2018-07-31','2018-07-31',100),(11,11,'2015-06-26','2015-06-26',100),(12,12,'2015-09-25','2015-09-25',100),(13,13,'2018-04-11','2018-04-11',100),(14,14,'2018-04-11','2018-04-11',100),(15,15,'2018-04-20','2018-04-20',90),(16,16,'2018-04-20','2018-04-20',85),(17,17,'2018-04-11','2018-04-11',92),(18,18,'2018-04-11','2018-04-11',100),(19,19,'2018-04-20','2018-04-20',100),(20,20,'2018-04-20','2018-04-20',95),(21,21,'2018-04-11','2018-04-11',100),(22,22,'2018-04-11','2018-04-11',95),(23,23,'2018-04-20','2018-04-20',85),(24,24,'2018-04-20','2018-04-20',90),(25,25,'2018-04-11','2018-04-11',96),(26,26,'2018-04-11','2018-04-11',95),(27,27,'2018-04-20','2018-04-20',95),(28,28,'2018-04-20','2018-04-20',85),(29,29,'2018-04-11','2018-04-11',96),(30,30,'2018-04-11','2018-04-11',95),(31,31,'2018-04-20','2018-04-20',90),(32,32,'2018-04-20','2018-04-20',95),(33,33,'2018-04-11','2018-04-11',96),(34,34,'2018-04-11','2018-04-11',100),(35,35,'2018-04-20','2018-04-20',95),(36,36,'2018-04-20','2018-04-20',95),(37,37,'2018-04-11','2018-04-11',96),(38,38,'2018-04-11','2018-04-11',100),(39,39,'2018-04-20','2018-04-20',95),(40,40,'2018-04-20','2018-04-20',90),(41,41,'2018-04-11','2018-04-11',100),(42,42,'2018-04-11','2018-04-11',95),(43,43,'2018-04-20','2018-04-20',80),(44,44,'2018-04-20','2018-04-20',95),(45,45,'2018-04-11','2018-04-11',100),(46,46,'2018-04-11','2018-04-11',90),(47,47,'2018-04-20','2018-04-20',80),(48,48,'2018-04-20','2018-04-20',85),(49,49,'2018-04-11','2018-04-11',100),(50,50,'2018-04-11','2018-04-11',95),(51,51,'2018-04-20','2018-04-20',90),(52,52,'2018-04-20','2018-04-20',90),(53,53,'2018-04-11','2018-04-11',80),(54,54,'2018-04-11','2018-04-11',100),(55,55,'2018-04-20','2018-04-20',90),(56,56,'2018-04-20','2018-04-20',95),(57,57,'2018-04-11','2018-04-11',100),(58,58,'2018-04-11','2018-04-11',95),(59,59,'2018-04-20','2018-04-20',85),(60,60,'2018-04-20','2018-04-20',95),(61,61,'2018-04-11','2018-04-11',88),(62,62,'2018-04-11','2018-04-11',95),(63,63,'2018-04-20','2018-04-20',95),(64,64,'2018-04-20','2018-04-20',80),(65,65,'2018-04-11','2018-04-11',96),(66,66,'2018-04-11','2018-04-11',95),(67,67,'2018-04-20','2018-04-20',90),(68,68,'2018-04-20','2018-04-20',80),(69,69,'2018-04-11','2018-04-11',96),(70,70,'2018-04-11','2018-04-11',100),(71,71,'2018-04-20','2018-04-20',100),(72,72,'2018-04-20','2018-04-20',85),(73,73,'2018-05-03','2018-05-03',100),(74,74,'2018-05-03','2018-05-03',100),(75,75,'2018-04-20','2018-04-20',85),(76,76,'2018-04-20','2018-04-20',85),(77,77,'2018-05-03','2018-05-03',100),(78,78,'2018-05-03','2018-05-03',100),(79,79,NULL,NULL,NULL),(80,80,'2018-07-18','2018-07-18',95),(81,81,'2018-05-03','2018-05-03',96),(82,82,'2018-05-03','2018-05-03',95),(83,83,'2018-04-20','2018-04-20',80),(84,84,'2018-04-20','2018-04-20',90),(85,85,'2018-05-03','2018-05-03',92),(86,86,'2018-05-03','2018-05-03',95),(87,87,'2018-04-20','2018-04-20',85),(88,88,'2018-04-20','2018-04-20',85),(89,89,'2018-05-03','2018-05-03',100),(90,90,'2018-05-03','2018-05-03',100),(91,91,'2018-04-20','2018-04-20',85),(92,92,'2018-04-20','2018-04-20',90),(93,93,'2018-05-03','2018-05-03',96),(94,94,'2018-05-03','2018-05-03',100),(95,95,'2018-04-20','2018-04-20',90),(96,96,'2018-04-20','2018-04-20',85),(97,97,'2018-05-03','2018-05-03',92),(98,98,'2018-05-03','2018-05-03',95),(99,99,'2018-04-20','2018-04-20',90),(100,100,'2018-04-20','2018-04-20',95),(101,101,'2018-05-03','2018-05-03',96),(102,102,'2018-05-03','2018-05-03',90),(103,103,'2018-07-18','2018-07-18',95),(104,104,'2018-07-18','2018-07-18',95),(105,105,'2018-05-03','2018-05-03',92),(106,106,'2018-05-03','2018-05-03',100),(107,107,'2018-07-18','2018-07-18',95),(108,108,'2018-07-18','2018-07-18',80),(109,109,'2018-05-03','2018-05-03',96),(110,110,'2018-05-03','2018-05-03',100),(111,111,'2018-07-18','2018-07-18',95),(112,112,'2018-07-18','2018-07-18',90),(113,113,'2018-05-03','2018-05-03',100),(114,114,'2018-05-03','2018-05-03',90),(115,115,'2018-07-18','2018-07-18',85),(116,116,'2018-07-18','2018-07-18',95),(117,117,'2018-05-03','2018-05-03',92),(118,118,'2018-05-03','2018-05-03',95),(119,119,'2018-07-18','2018-07-18',80),(120,120,'2018-07-18','2018-07-18',90),(121,121,NULL,NULL,NULL),(122,122,NULL,NULL,NULL),(123,123,'2018-07-18','2018-07-18',85),(124,124,'2018-07-18','2018-07-18',85),(125,125,'2018-10-26','2018-10-26',92),(126,126,'2018-10-26','2018-10-26',95),(127,127,'2018-07-18','2018-07-18',95),(128,128,'2018-07-18','2018-07-18',90),(129,129,'2018-10-26','2018-10-26',96),(130,130,'2018-10-26','2018-10-26',95),(131,131,'2018-07-18','2018-07-18',85),(132,132,'2018-07-18','2018-07-18',95),(133,133,'2018-10-26','2018-10-26',100),(134,134,'2018-10-26','2018-10-26',100),(135,135,'2018-07-18','2018-07-18',90),(136,136,'2018-07-18','2018-07-18',100),(137,137,NULL,NULL,NULL),(138,138,NULL,NULL,NULL),(139,139,'2018-07-18','2018-07-18',95),(140,140,'2018-07-18','2018-07-18',85),(141,141,'2018-10-26','2018-10-26',100),(142,142,'2018-10-26','2018-10-26',100),(143,143,'2018-07-18','2018-07-18',95),(144,144,'2018-07-18','2018-07-18',100),(145,145,'2018-10-26','2018-10-26',92),(146,146,'2018-10-26','2018-10-26',100),(147,147,'2018-07-18','2018-07-18',95),(148,148,'2018-07-18','2018-07-18',95),(149,149,NULL,NULL,NULL),(150,150,NULL,NULL,NULL),(151,151,'2018-07-18','2018-07-18',90),(152,152,'2018-07-18','2018-07-18',90),(153,153,'2018-10-26','2018-10-26',96),(154,154,'2018-10-26','2018-10-26',90),(155,155,'2018-07-18','2018-07-18',100),(156,156,'2018-07-18','2018-07-18',85),(157,157,'2018-10-26','2018-10-26',96),(158,158,'2018-10-26','2018-10-26',100),(159,159,'2018-07-18','2018-07-18',100),(160,160,'2018-07-18','2018-07-18',90),(161,161,'2018-10-26','2018-10-26',100),(162,162,'2018-10-26','2018-10-26',100),(163,163,'2018-07-18','2018-07-18',80),(164,164,'2018-07-18','2018-07-18',85),(165,165,NULL,NULL,NULL),(166,166,NULL,NULL,NULL),(167,167,'2018-07-18','2018-07-18',95),(168,168,'2018-07-18','2018-07-18',90),(169,169,'2018-10-26','2018-10-26',88),(170,170,'2018-10-26','2018-10-26',95),(171,171,'2018-07-18','2018-07-18',100),(172,172,'2018-07-18','2018-07-18',90),(173,173,'2018-10-26','2018-10-26',84),(174,174,'2018-10-26','2018-10-26',95),(175,175,'2018-07-18','2018-07-18',100),(176,176,'2018-07-18','2018-07-18',85),(177,177,'2018-10-26','2018-10-26',88),(178,178,'2018-10-26','2018-10-26',100),(179,179,'2018-07-18','2018-07-18',95),(180,180,'2018-07-18','2018-07-18',100),(181,181,'2018-10-26','2018-10-26',88),(182,182,'2018-10-26','2018-10-26',100),(183,183,'2018-07-18','2018-07-18',85),(184,184,'2018-07-18','2018-07-18',100),(185,185,'2018-10-26','2018-10-26',88),(186,186,'2018-10-26','2018-10-26',100),(187,187,'2018-07-18','2018-07-18',100),(188,188,'2018-07-18','2018-07-18',95),(189,189,'2018-10-26','2018-10-26',96),(190,190,'2018-10-26','2018-10-26',95),(191,191,'2018-07-18','2018-07-18',80),(192,192,'2018-07-18','2018-07-18',100),(195,195,'2018-07-18','2018-07-18',100),(196,196,'2018-07-18','2018-07-18',95),(197,197,'2018-10-26','2018-10-26',88),(198,198,'2018-10-26','2018-10-26',100),(199,199,'2018-07-18','2018-07-18',100),(200,200,'2018-07-18','2018-07-18',95),(201,201,'2018-10-26','2018-10-26',96),(202,202,'2018-10-26','2018-10-26',100),(203,203,'2018-07-18','2018-07-18',90),(204,204,'2018-07-18','2018-07-18',95),(205,205,NULL,NULL,NULL),(206,206,NULL,NULL,NULL),(207,207,'2018-07-18','2018-07-18',85),(208,208,'2018-07-18','2018-07-18',100),(209,209,NULL,NULL,NULL),(210,210,NULL,NULL,NULL),(211,211,'2018-07-18','2018-07-18',85),(212,212,'2018-07-18','2018-07-18',100),(213,213,'2018-10-26','2018-10-26',96),(214,214,'2018-10-26','2018-10-26',100),(215,215,'2018-10-30','2018-10-30',95),(216,216,'2018-10-30','2018-10-30',95),(217,217,NULL,NULL,NULL),(218,218,NULL,NULL,NULL),(219,219,'2018-10-29','2018-10-29',90),(220,220,NULL,NULL,NULL),(221,221,'2018-10-26','2018-10-26',88),(222,222,'2018-10-26','2018-10-26',85),(223,223,'2018-10-30','2018-10-30',95),(224,224,'2018-10-30','2018-10-30',95),(225,225,'2018-10-26','2018-10-26',88),(226,226,'2018-10-26','2018-10-26',100),(227,227,NULL,NULL,NULL),(228,228,NULL,NULL,NULL),(229,229,'2018-10-26','2018-10-26',100),(230,230,'2018-10-26','2018-10-26',100),(231,231,'2018-10-30','2018-10-30',90),(232,232,'2018-10-30','2018-10-30',100),(233,233,'2018-10-26','2018-10-26',100),(234,234,'2018-10-26','2018-10-26',100),(235,235,'2018-10-30','2018-10-30',95),(236,236,'2018-10-30','2018-10-30',100),(237,237,NULL,NULL,NULL),(238,238,NULL,NULL,NULL),(239,239,'2018-04-30','2018-10-29',90),(240,240,NULL,NULL,NULL),(241,241,NULL,NULL,NULL),(242,242,NULL,NULL,NULL),(243,243,'2018-10-30','2018-10-30',85),(244,244,'2018-10-30','2018-10-30',90),(245,245,NULL,NULL,NULL),(246,246,NULL,NULL,NULL),(247,247,'2018-10-30','2018-10-30',80),(248,248,'2018-10-30','2018-10-30',85),(249,249,'2018-10-26','2018-10-26',96),(250,250,'2018-10-26','2018-10-26',100),(251,251,'2018-10-30','2018-10-30',90),(252,252,'2018-10-30','2018-10-30',100),(253,253,'2018-10-26','2018-10-26',92),(254,254,'2018-10-26','2018-10-26',100),(255,255,'2018-10-30','2018-10-30',95),(256,256,'2018-10-30','2018-10-30',100),(257,257,'2018-10-26','2018-10-26',92),(258,258,'2018-10-26','2018-10-26',95),(259,259,'2018-10-30','2018-10-30',90),(260,260,'2018-10-30','2018-10-30',100),(261,261,'2018-10-26','2018-10-26',92),(262,262,'2018-10-26','2018-10-26',100),(263,263,'2018-10-30','2018-10-30',95),(264,264,'2018-10-30','2018-10-30',100),(265,265,'2018-10-26','2018-10-26',92),(266,266,'2018-10-26','2018-10-26',100),(267,267,'2018-10-30','2018-10-30',90),(268,268,'2018-10-30','2018-10-30',85),(270,270,'2018-10-31','2018-10-31',100),(271,271,'2018-10-30','2018-10-30',90),(272,272,'2018-10-30','2018-10-30',85),(273,273,'2018-10-26','2018-10-26',100),(274,274,'2018-10-26','2018-10-26',100),(275,275,'2018-10-30','2018-10-30',100),(276,276,'2018-10-30','2018-10-30',100),(277,277,NULL,NULL,NULL),(278,278,NULL,NULL,NULL),(279,279,'2018-10-30','2018-10-30',90),(280,280,'2018-10-30','2018-10-30',80),(281,281,'2018-10-26','2018-10-26',92),(282,282,'2018-10-26','2018-10-26',100),(283,283,'2018-10-30','2018-10-30',85),(284,284,'2018-10-30','2018-10-30',100),(285,291,'2018-10-26','2018-10-26',92),(286,292,'2018-10-26','2018-10-26',95),(287,293,'2018-10-30','2018-10-30',100),(288,294,'2018-10-30','2018-10-30',100),(289,301,'2018-10-26','2018-10-26',100),(290,302,'2018-10-26','2018-10-26',95),(291,303,'2018-10-30','2018-10-30',100),(292,304,'2018-10-30','2018-10-30',95),(293,306,'2018-10-26','2018-10-26',88),(294,307,'2018-10-26','2018-10-26',100),(295,308,'2018-10-30','2018-10-30',85),(296,309,'2018-10-30','2018-10-30',85),(297,310,'2018-10-26','2018-10-26',92),(298,311,'2018-10-26','2018-10-26',100),(299,312,'2018-10-30','2018-10-30',95),(300,313,'2018-10-30','2018-10-30',100),(301,314,'2018-04-11','2018-04-11',100),(302,315,'2018-04-11','2018-04-11',100),(303,316,'2018-04-20','2018-04-20',95),(304,317,'2018-04-20','2018-04-20',100),(305,324,'2015-05-29','2015-05-29',100),(306,325,'2015-07-31','2015-07-31',100),(307,326,'2015-06-26','2015-06-26',100),(308,327,'2015-09-25','2015-09-25',100),(309,334,'2015-05-29','2015-05-29',100),(310,335,'2015-07-31','2018-08-03',100),(311,336,'2015-06-26','2015-06-26',97),(312,337,'2015-09-25','2015-09-25',100),(313,344,'2015-05-29','2015-05-29',100),(314,345,'2015-07-31','2015-07-31',100),(315,346,'2015-06-26','2015-06-26',100),(316,347,'2015-09-25','2015-09-25',95),(317,79,'2018-07-18','2018-07-18',0),(318,79,'2018-07-18','2018-07-18',0),(319,79,'2018-07-18','2018-07-18',100),(320,355,'2018-10-29','2018-10-29',100),(322,357,'2016-12-30','2016-04-08',100),(323,240,'2018-10-30','2018-10-30',85),(324,220,'2018-10-29','2018-10-29',100),(325,193,'2018-11-07','2018-10-31',100),(326,269,'2018-11-01','2018-10-31',100),(327,354,'2016-12-09','2016-04-08',100),(328,205,'2018-11-07','2018-10-30',96),(329,237,'2018-11-01','2018-10-29',92),(330,137,'2018-11-07','2018-11-03',92),(331,149,'2018-11-01','2018-10-30',84),(332,165,'2018-11-01','2018-10-30',92),(333,121,'2018-10-31','2018-10-31',92),(334,364,'2018-10-28','2018-10-28',100),(335,217,'2018-11-01','2018-10-29',100),(336,245,'2018-11-01','2018-10-31',100),(337,277,'2018-10-31','2018-10-31',88),(338,241,'2018-11-01','2018-10-31',100),(339,209,'2018-10-31','2018-10-31',100),(340,194,'2018-11-07','2018-10-30',100),(341,356,'2016-12-16','2016-04-08',100),(342,206,'2018-11-07','2018-10-30',100),(343,238,'2018-10-29','2018-10-29',90),(344,138,'2018-11-07','2018-11-03',95),(345,150,'2018-11-01','2018-10-30',95),(346,166,'2018-10-30','2018-10-30',95),(347,122,'2018-11-09','2018-11-09',100),(348,366,'2018-10-28','2018-10-28',100),(349,218,'2018-10-29','2018-10-29',100),(350,246,'2018-10-31','2018-10-31',100),(351,278,'2018-10-31','2018-10-31',95),(352,242,'2018-10-31','2018-10-31',100),(353,210,'2018-10-31','2018-10-31',100);
/*!40000 ALTER TABLE `person_class_record` ENABLE KEYS */;
UNLOCK TABLES;
/*!40103 SET TIME_ZONE=@OLD_TIME_ZONE */;

/*!40101 SET SQL_MODE=@OLD_SQL_MODE */;
/*!40014 SET FOREIGN_KEY_CHECKS=@OLD_FOREIGN_KEY_CHECKS */;
/*!40014 SET UNIQUE_CHECKS=@OLD_UNIQUE_CHECKS */;
/*!40101 SET CHARACTER_SET_CLIENT=@OLD_CHARACTER_SET_CLIENT */;
/*!40101 SET CHARACTER_SET_RESULTS=@OLD_CHARACTER_SET_RESULTS */;
/*!40101 SET COLLATION_CONNECTION=@OLD_COLLATION_CONNECTION */;
/*!40111 SET SQL_NOTES=@OLD_SQL_NOTES */;

-- Dump completed on 2018-11-17 18:57:33
